# Accession: urn:mavedb:00000012-a-3,,,,
# Downloaded (UTC): 2022-07-05 20:45:55.785973,,,,
# Licence: CC BY-NC-SA 4.0 (Attribution-NonCommercial-ShareAlike),,,,
# Licence URL: https://creativecommons.org/licenses/by-nc-sa/4.0/,,,,
accession,hgvs_nt,hgvs_splice,hgvs_pro,score
urn:mavedb:00000012-a-3#1,NA,NA,p.Lys1Ter,-11.73410702
urn:mavedb:00000012-a-3#2,NA,NA,p.Cys10Ter,-6.589050293
urn:mavedb:00000012-a-3#3,NA,NA,p.Tyr39del,-5.573202133
urn:mavedb:00000012-a-3#4,NA,NA,p.Pro47Arg,-1.150480777
urn:mavedb:00000012-a-3#5,NA,NA,p.Leu48Arg,-13.04971123
urn:mavedb:00000012-a-3#6,NA,NA,p.Thr49Arg,-11.18031025
urn:mavedb:00000012-a-3#7,NA,NA,p.Ala51Arg,-0.793741051
urn:mavedb:00000012-a-3#8,NA,NA,p.His52Arg,-1.250791967
urn:mavedb:00000012-a-3#9,NA,NA,p.Leu53Arg,-2.717704058
urn:mavedb:00000012-a-3#10,NA,NA,p.Thr54Arg,-4.097320318
urn:mavedb:00000012-a-3#11,NA,NA,p.Glu55Arg,-1.062108904
urn:mavedb:00000012-a-3#12,NA,NA,p.Val56Arg,-11.04698563
urn:mavedb:00000012-a-3#13,NA,NA,p.Glu57Arg,-3.802412987
urn:mavedb:00000012-a-3#14,NA,NA,p.Ser40del,-10.21613598
urn:mavedb:00000012-a-3#15,NA,NA,p.Ser58Arg,-1.259682268
urn:mavedb:00000012-a-3#16,NA,NA,p.Leu60Arg,-9.698682785
urn:mavedb:00000012-a-3#17,NA,NA,p.Glu61Arg,-0.528010845
urn:mavedb:00000012-a-3#18,NA,NA,p.Leu63Arg,-2.295395613
urn:mavedb:00000012-a-3#19,NA,NA,p.Glu64Arg,-2.254610181
urn:mavedb:00000012-a-3#20,NA,NA,p.Lys1Ser,1.065147519
urn:mavedb:00000012-a-3#21,NA,NA,p.Leu2Ser,0.300512791
urn:mavedb:00000012-a-3#22,NA,NA,p.Leu3Ser,-2.307501912
urn:mavedb:00000012-a-3#23,NA,NA,p.Ile6Ser,-0.546849877
urn:mavedb:00000012-a-3#24,NA,NA,p.Glu7Ser,-1.180253118
urn:mavedb:00000012-a-3#25,NA,NA,p.Pro41del,-5.992303371
urn:mavedb:00000012-a-3#26,NA,NA,p.Gln8Ser,-0.118126988
urn:mavedb:00000012-a-3#27,NA,NA,p.Ala9Ser,-4.872952938
urn:mavedb:00000012-a-3#28,NA,NA,p.Cys10Ser,-11.9460783
urn:mavedb:00000012-a-3#29,NA,NA,p.Asp11Ser,-4.425473452
urn:mavedb:00000012-a-3#30,NA,NA,p.Ile12Ser,-1.441423535
urn:mavedb:00000012-a-3#31,NA,NA,p.Cys13Ser,-11.60604572
urn:mavedb:00000012-a-3#32,NA,NA,p.Arg14Ser,-5.244143963
urn:mavedb:00000012-a-3#33,NA,NA,p.Leu15Ser,-1.573821425
urn:mavedb:00000012-a-3#34,NA,NA,p.Lys16Ser,-12.74040318
urn:mavedb:00000012-a-3#35,NA,NA,p.Lys17Ser,-5.863139629
urn:mavedb:00000012-a-3#36,NA,NA,p.Lys42del,-10.91631413
urn:mavedb:00000012-a-3#37,NA,NA,p.Leu18Ser,-1.00282827
urn:mavedb:00000012-a-3#38,NA,NA,p.Lys19Ser,-3.68601656
urn:mavedb:00000012-a-3#39,NA,NA,p.Cys20Ser,-7.980042458
urn:mavedb:00000012-a-3#40,NA,NA,p.Lys22Ser,-9.22154808
urn:mavedb:00000012-a-3#41,NA,NA,p.Glu23Ser,0.377427936
urn:mavedb:00000012-a-3#42,NA,NA,p.Lys24Ser,0.893392444
urn:mavedb:00000012-a-3#43,NA,NA,p.Pro25Ser,-3.00498271
urn:mavedb:00000012-a-3#44,NA,NA,p.Lys26Ser,-0.317321122
urn:mavedb:00000012-a-3#45,NA,NA,p.Cys27Ser,-2.273643613
urn:mavedb:00000012-a-3#46,NA,NA,p.Ala28Ser,-2.747379303
urn:mavedb:00000012-a-3#47,NA,NA,p.Arg45del,-5.867867947
urn:mavedb:00000012-a-3#48,NA,NA,p.Lys29Ser,-3.70184803
urn:mavedb:00000012-a-3#49,NA,NA,p.Cys30Ser,-10.84528732
urn:mavedb:00000012-a-3#50,NA,NA,p.Leu31Ser,0.217842102
urn:mavedb:00000012-a-3#51,NA,NA,p.Lys32Ser,-0.696390361
urn:mavedb:00000012-a-3#52,NA,NA,p.Asn33Ser,0.517550468
urn:mavedb:00000012-a-3#53,NA,NA,p.Asn34Ser,-0.413509727
urn:mavedb:00000012-a-3#54,NA,NA,p.Trp35Ser,0.438440084
urn:mavedb:00000012-a-3#55,NA,NA,p.Glu36Ser,0.081492603
urn:mavedb:00000012-a-3#56,NA,NA,p.Cys37Ser,-6.46802187
urn:mavedb:00000012-a-3#57,NA,NA,p.Arg38Ser,0.369339347
urn:mavedb:00000012-a-3#58,NA,NA,p.Ser46del,-12.47158718
urn:mavedb:00000012-a-3#59,NA,NA,p.Tyr39Ser,-5.889733315
urn:mavedb:00000012-a-3#60,NA,NA,p.Pro41Ser,-2.475640774
urn:mavedb:00000012-a-3#61,NA,NA,p.Lys42Ser,-1.505669594
urn:mavedb:00000012-a-3#62,NA,NA,p.Thr43Ser,-0.335107148
urn:mavedb:00000012-a-3#63,NA,NA,p.Lys44Ser,-1.364646375
urn:mavedb:00000012-a-3#64,NA,NA,p.Arg45Ser,-12.2023716
urn:mavedb:00000012-a-3#65,NA,NA,p.Pro47Ser,-3.5186131
urn:mavedb:00000012-a-3#66,NA,NA,p.Leu48Ser,-7.17299509
urn:mavedb:00000012-a-3#67,NA,NA,p.Thr49Ser,-4.903570652
urn:mavedb:00000012-a-3#68,NA,NA,p.Arg50Ser,-3.560301781
urn:mavedb:00000012-a-3#69,NA,NA,p.Pro47del,-5.652704716
urn:mavedb:00000012-a-3#70,NA,NA,p.Ala51Ser,-1.560917497
urn:mavedb:00000012-a-3#71,NA,NA,p.His52Ser,-4.178737402
urn:mavedb:00000012-a-3#72,NA,NA,p.Leu53Ser,-12.35073757
urn:mavedb:00000012-a-3#73,NA,NA,p.Thr54Ser,-0.161628544
urn:mavedb:00000012-a-3#74,NA,NA,p.Glu55Ser,0.503043056
urn:mavedb:00000012-a-3#75,NA,NA,p.Val56Ser,-11.82841396
urn:mavedb:00000012-a-3#76,NA,NA,p.Glu57Ser,-3.757651329
urn:mavedb:00000012-a-3#77,NA,NA,p.Arg59Ser,-2.712104797
urn:mavedb:00000012-a-3#78,NA,NA,p.Leu60Ser,-3.167294979
urn:mavedb:00000012-a-3#79,NA,NA,p.Glu61Ser,-0.424401045
urn:mavedb:00000012-a-3#80,NA,NA,p.Leu48del,-5.679991722
urn:mavedb:00000012-a-3#81,NA,NA,p.Arg62Ser,-0.620265678
urn:mavedb:00000012-a-3#82,NA,NA,p.Leu63Ser,-12.32132721
urn:mavedb:00000012-a-3#83,NA,NA,p.Glu64Ser,0.25959301
urn:mavedb:00000012-a-3#84,NA,NA,p.Lys1Thr,2.258563757
urn:mavedb:00000012-a-3#85,NA,NA,p.Leu2Thr,-0.393170267
urn:mavedb:00000012-a-3#86,NA,NA,p.Leu3Thr,-2.546344638
urn:mavedb:00000012-a-3#87,NA,NA,p.Ser4Thr,-0.77852606
urn:mavedb:00000012-a-3#88,NA,NA,p.Ser5Thr,-2.610379934
urn:mavedb:00000012-a-3#89,NA,NA,p.Ile6Thr,-0.439381301
urn:mavedb:00000012-a-3#90,NA,NA,p.Glu7Thr,-1.401410282
urn:mavedb:00000012-a-3#91,NA,NA,p.Thr49del,-4.497925758
urn:mavedb:00000012-a-3#92,NA,NA,p.Gln8Thr,-1.853214622
urn:mavedb:00000012-a-3#93,NA,NA,p.Ala9Thr,-9.428871155
urn:mavedb:00000012-a-3#94,NA,NA,p.Cys10Thr,-6.472111225
urn:mavedb:00000012-a-3#95,NA,NA,p.Asp11Thr,-8.156770229
urn:mavedb:00000012-a-3#96,NA,NA,p.Ile12Thr,-0.806273393
urn:mavedb:00000012-a-3#97,NA,NA,p.Cys13Thr,-12.24301338
urn:mavedb:00000012-a-3#98,NA,NA,p.Arg14Thr,-6.348426342
urn:mavedb:00000012-a-3#99,NA,NA,p.Leu15Thr,-0.669587463
urn:mavedb:00000012-a-3#100,NA,NA,p.Lys16Thr,-12.83147526
urn:mavedb:00000012-a-3#101,NA,NA,p.Lys17Thr,-8.00454998
urn:mavedb:00000012-a-3#102,NA,NA,p.Arg50del,-12.6627245
urn:mavedb:00000012-a-3#103,NA,NA,p.Leu18Thr,-6.145217419
urn:mavedb:00000012-a-3#104,NA,NA,p.Lys19Thr,-3.544455767
urn:mavedb:00000012-a-3#105,NA,NA,p.Cys20Thr,-5.657907486
urn:mavedb:00000012-a-3#106,NA,NA,p.Lys22Thr,-10.12352943
urn:mavedb:00000012-a-3#107,NA,NA,p.Glu23Thr,0.470393419
urn:mavedb:00000012-a-3#108,NA,NA,p.Lys24Thr,1.14519763
urn:mavedb:00000012-a-3#109,NA,NA,p.Pro25Thr,-3.063649654
urn:mavedb:00000012-a-3#110,NA,NA,p.Lys26Thr,-1.8095963
urn:mavedb:00000012-a-3#111,NA,NA,p.Cys27Thr,-10.06938839
urn:mavedb:00000012-a-3#112,NA,NA,p.Ala28Thr,-0.275461853
urn:mavedb:00000012-a-3#113,NA,NA,p.Asp11Ter,-4.131610394
urn:mavedb:00000012-a-3#114,NA,NA,p.Ala51del,-10.46390343
urn:mavedb:00000012-a-3#115,NA,NA,p.Lys29Thr,-3.066896439
urn:mavedb:00000012-a-3#116,NA,NA,p.Cys30Thr,-3.979477406
urn:mavedb:00000012-a-3#117,NA,NA,p.Leu31Thr,-0.829344323
urn:mavedb:00000012-a-3#118,NA,NA,p.Lys32Thr,0.561078548
urn:mavedb:00000012-a-3#119,NA,NA,p.Asn33Thr,-1.129409283
urn:mavedb:00000012-a-3#120,NA,NA,p.Asn34Thr,0.593726754
urn:mavedb:00000012-a-3#121,NA,NA,p.Trp35Thr,-0.019735396
urn:mavedb:00000012-a-3#122,NA,NA,p.Glu36Thr,0.13512516
urn:mavedb:00000012-a-3#123,NA,NA,p.Cys37Thr,-11.15063953
urn:mavedb:00000012-a-3#124,NA,NA,p.Arg38Thr,1.770514011
urn:mavedb:00000012-a-3#125,NA,NA,p.His52del,-14.00353527
urn:mavedb:00000012-a-3#126,NA,NA,p.Tyr39Thr,-2.243986845
urn:mavedb:00000012-a-3#127,NA,NA,p.Ser40Thr,-1.351307631
urn:mavedb:00000012-a-3#128,NA,NA,p.Pro41Thr,-2.084022999
urn:mavedb:00000012-a-3#129,NA,NA,p.Lys42Thr,-1.037288383
urn:mavedb:00000012-a-3#130,NA,NA,p.Lys44Thr,-0.231569648
urn:mavedb:00000012-a-3#131,NA,NA,p.Arg45Thr,-6.216094971
urn:mavedb:00000012-a-3#132,NA,NA,p.Ser46Thr,-1.403032064
urn:mavedb:00000012-a-3#133,NA,NA,p.Pro47Thr,-10.07133198
urn:mavedb:00000012-a-3#134,NA,NA,p.Leu48Thr,-6.550114632
urn:mavedb:00000012-a-3#135,NA,NA,p.Arg50Thr,-5.43718195
urn:mavedb:00000012-a-3#136,NA,NA,p.Leu53del,-12.81079292
urn:mavedb:00000012-a-3#137,NA,NA,p.Ala51Thr,-2.546092391
urn:mavedb:00000012-a-3#138,NA,NA,p.His52Thr,-12.43625355
urn:mavedb:00000012-a-3#139,NA,NA,p.Leu53Thr,-11.22583008
urn:mavedb:00000012-a-3#140,NA,NA,p.Glu55Thr,-0.09682858
urn:mavedb:00000012-a-3#141,NA,NA,p.Val56Thr,-1.08506459
urn:mavedb:00000012-a-3#142,NA,NA,p.Glu57Thr,-7.590260983
urn:mavedb:00000012-a-3#143,NA,NA,p.Ser58Thr,-1.206326306
urn:mavedb:00000012-a-3#144,NA,NA,p.Arg59Thr,-3.630227804
urn:mavedb:00000012-a-3#145,NA,NA,p.Leu60Thr,-4.253325939
urn:mavedb:00000012-a-3#146,NA,NA,p.Glu61Thr,0.679174542
urn:mavedb:00000012-a-3#147,NA,NA,p.Thr54del,-3.17832303
urn:mavedb:00000012-a-3#148,NA,NA,p.Arg62Thr,-0.019206047
urn:mavedb:00000012-a-3#149,NA,NA,p.Leu63Thr,-11.72942543
urn:mavedb:00000012-a-3#150,NA,NA,p.Glu64Thr,0.432897806
urn:mavedb:00000012-a-3#151,NA,NA,p.Leu2Val,1.13215363
urn:mavedb:00000012-a-3#152,NA,NA,p.Leu3Val,-0.638762236
urn:mavedb:00000012-a-3#153,NA,NA,p.Ser4Val,-0.689314082
urn:mavedb:00000012-a-3#154,NA,NA,p.Ser5Val,-2.010847449
urn:mavedb:00000012-a-3#155,NA,NA,p.Ile6Val,-1.382028937
urn:mavedb:00000012-a-3#156,NA,NA,p.Glu7Val,-1.467630744
urn:mavedb:00000012-a-3#157,NA,NA,p.Gln8Val,-4.441413641
urn:mavedb:00000012-a-3#158,NA,NA,p.Glu55del,-4.914791584
urn:mavedb:00000012-a-3#159,NA,NA,p.Ala9Val,-1.934784055
urn:mavedb:00000012-a-3#160,NA,NA,p.Cys10Val,-11.22782326
urn:mavedb:00000012-a-3#161,NA,NA,p.Asp11Val,-3.590475559
urn:mavedb:00000012-a-3#162,NA,NA,p.Ile12Val,-0.033801258
urn:mavedb:00000012-a-3#163,NA,NA,p.Cys13Val,-4.358000278
urn:mavedb:00000012-a-3#164,NA,NA,p.Arg14Val,-12.91032887
urn:mavedb:00000012-a-3#165,NA,NA,p.Leu15Val,-0.279278219
urn:mavedb:00000012-a-3#166,NA,NA,p.Lys16Val,-12.02403831
urn:mavedb:00000012-a-3#167,NA,NA,p.Lys17Val,-6.005079746
urn:mavedb:00000012-a-3#168,NA,NA,p.Leu18Val,-9.48331356
urn:mavedb:00000012-a-3#169,NA,NA,p.Val56del,-8.429073811
urn:mavedb:00000012-a-3#170,NA,NA,p.Lys19Val,-4.714242458
urn:mavedb:00000012-a-3#171,NA,NA,p.Cys20Val,-12.63186455
urn:mavedb:00000012-a-3#172,NA,NA,p.Ser21Val,-11.38671494
urn:mavedb:00000012-a-3#173,NA,NA,p.Lys22Val,-3.350521326
urn:mavedb:00000012-a-3#174,NA,NA,p.Glu23Val,-0.125395894
urn:mavedb:00000012-a-3#175,NA,NA,p.Lys24Val,0.903929472
urn:mavedb:00000012-a-3#176,NA,NA,p.Pro25Val,-8.584337711
urn:mavedb:00000012-a-3#177,NA,NA,p.Lys26Val,-0.749918789
urn:mavedb:00000012-a-3#178,NA,NA,p.Ala28Val,-0.092065513
urn:mavedb:00000012-a-3#179,NA,NA,p.Lys29Val,-3.953693867
urn:mavedb:00000012-a-3#180,NA,NA,p.Glu57del,-12.35393524
urn:mavedb:00000012-a-3#181,NA,NA,p.Cys30Val,-4.553284168
urn:mavedb:00000012-a-3#182,NA,NA,p.Leu31Val,0.089136183
urn:mavedb:00000012-a-3#183,NA,NA,p.Lys32Val,-0.392337471
urn:mavedb:00000012-a-3#184,NA,NA,p.Asn33Val,-2.670635104
urn:mavedb:00000012-a-3#185,NA,NA,p.Asn34Val,-0.813632276
urn:mavedb:00000012-a-3#186,NA,NA,p.Trp35Val,0.54735899
urn:mavedb:00000012-a-3#187,NA,NA,p.Glu36Val,0.318070412
urn:mavedb:00000012-a-3#188,NA,NA,p.Cys37Val,-12.11667633
urn:mavedb:00000012-a-3#189,NA,NA,p.Arg38Val,0.050227344
urn:mavedb:00000012-a-3#190,NA,NA,p.Tyr39Val,-2.210376859
urn:mavedb:00000012-a-3#191,NA,NA,p.Ser58del,-9.155773163
urn:mavedb:00000012-a-3#192,NA,NA,p.Ser40Val,-2.805690289
urn:mavedb:00000012-a-3#193,NA,NA,p.Pro41Val,-2.018204451
urn:mavedb:00000012-a-3#194,NA,NA,p.Lys42Val,-1.391567767
urn:mavedb:00000012-a-3#195,NA,NA,p.Thr43Val,-0.75619892
urn:mavedb:00000012-a-3#196,NA,NA,p.Lys44Val,0.684812069
urn:mavedb:00000012-a-3#197,NA,NA,p.Arg45Val,-13.02078533
urn:mavedb:00000012-a-3#198,NA,NA,p.Ser46Val,-10.39560795
urn:mavedb:00000012-a-3#199,NA,NA,p.Pro47Val,-5.479508877
urn:mavedb:00000012-a-3#200,NA,NA,p.Leu48Val,-12.36641312
urn:mavedb:00000012-a-3#201,NA,NA,p.Thr49Val,-4.265176535
urn:mavedb:00000012-a-3#202,NA,NA,p.Arg59del,-10.44075775
urn:mavedb:00000012-a-3#203,NA,NA,p.Arg50Val,-4.70681119
urn:mavedb:00000012-a-3#204,NA,NA,p.Ala51Val,0.750242233
urn:mavedb:00000012-a-3#205,NA,NA,p.His52Val,-12.29693222
urn:mavedb:00000012-a-3#206,NA,NA,p.Leu53Val,-0.705560282
urn:mavedb:00000012-a-3#207,NA,NA,p.Thr54Val,-2.542507052
urn:mavedb:00000012-a-3#208,NA,NA,p.Glu55Val,-0.704971969
urn:mavedb:00000012-a-3#209,NA,NA,p.Glu57Val,-4.874696255
urn:mavedb:00000012-a-3#210,NA,NA,p.Ser58Val,0.461460471
urn:mavedb:00000012-a-3#211,NA,NA,p.Arg59Val,-11.02830219
urn:mavedb:00000012-a-3#212,NA,NA,p.Leu60Val,0.778049588
urn:mavedb:00000012-a-3#213,NA,NA,p.Leu60del,-8.105660439
urn:mavedb:00000012-a-3#214,NA,NA,p.Glu61Val,0.477730393
urn:mavedb:00000012-a-3#215,NA,NA,p.Arg62Val,0.411548257
urn:mavedb:00000012-a-3#216,NA,NA,p.Leu63Val,-2.911332607
urn:mavedb:00000012-a-3#217,NA,NA,p.Glu64Val,-0.974751353
urn:mavedb:00000012-a-3#218,NA,NA,p.Lys1Trp,-7.403270721
urn:mavedb:00000012-a-3#219,NA,NA,p.Leu2Trp,-0.118592381
urn:mavedb:00000012-a-3#220,NA,NA,p.Leu3Trp,-0.82376983
urn:mavedb:00000012-a-3#221,NA,NA,p.Ser4Trp,-1.401932001
urn:mavedb:00000012-a-3#222,NA,NA,p.Ser5Trp,-2.049863815
urn:mavedb:00000012-a-3#223,NA,NA,p.Ile6Trp,-0.020349503
urn:mavedb:00000012-a-3#224,NA,NA,p.Ile12Ter,-4.881712914
urn:mavedb:00000012-a-3#225,NA,NA,p.Glu61del,-6.514400005
urn:mavedb:00000012-a-3#226,NA,NA,p.Glu7Trp,-0.497406065
urn:mavedb:00000012-a-3#227,NA,NA,p.Gln8Trp,-2.135725498
urn:mavedb:00000012-a-3#228,NA,NA,p.Ala9Trp,-12.79115772
urn:mavedb:00000012-a-3#229,NA,NA,p.Cys10Trp,-7.786290169
urn:mavedb:00000012-a-3#230,NA,NA,p.Asp11Trp,-7.582165241
urn:mavedb:00000012-a-3#231,NA,NA,p.Ile12Trp,0.415606141
urn:mavedb:00000012-a-3#232,NA,NA,p.Cys13Trp,-4.410020351
urn:mavedb:00000012-a-3#233,NA,NA,p.Arg14Trp,-12.07419682
urn:mavedb:00000012-a-3#234,NA,NA,p.Leu15Trp,0.204927921
urn:mavedb:00000012-a-3#235,NA,NA,p.Lys16Trp,-6.148584366
urn:mavedb:00000012-a-3#236,NA,NA,p.Arg62del,-12.07530403
urn:mavedb:00000012-a-3#237,NA,NA,p.Lys17Trp,-4.216932774
urn:mavedb:00000012-a-3#238,NA,NA,p.Leu18Trp,-0.387307674
urn:mavedb:00000012-a-3#239,NA,NA,p.Lys19Trp,-5.006052971
urn:mavedb:00000012-a-3#240,NA,NA,p.Cys20Trp,-12.48164463
urn:mavedb:00000012-a-3#241,NA,NA,p.Ser21Trp,-11.05074406
urn:mavedb:00000012-a-3#242,NA,NA,p.Lys22Trp,-4.927256584
urn:mavedb:00000012-a-3#243,NA,NA,p.Glu23Trp,-1.687396586
urn:mavedb:00000012-a-3#244,NA,NA,p.Lys24Trp,0.940552473
urn:mavedb:00000012-a-3#245,NA,NA,p.Pro25Trp,-12.74933434
urn:mavedb:00000012-a-3#246,NA,NA,p.Lys26Trp,-0.18145895
urn:mavedb:00000012-a-3#247,NA,NA,p.Leu63del,-1.269321501
urn:mavedb:00000012-a-3#248,NA,NA,p.Cys27Trp,-9.498362541
urn:mavedb:00000012-a-3#249,NA,NA,p.Ala28Trp,0.718878627
urn:mavedb:00000012-a-3#250,NA,NA,p.Lys29Trp,-12.43006325
urn:mavedb:00000012-a-3#251,NA,NA,p.Cys30Trp,-4.647562742
urn:mavedb:00000012-a-3#252,NA,NA,p.Leu31Trp,0.569604158
urn:mavedb:00000012-a-3#253,NA,NA,p.Lys32Trp,-2.858737707
urn:mavedb:00000012-a-3#254,NA,NA,p.Asn33Trp,-4.946159363
urn:mavedb:00000012-a-3#255,NA,NA,p.Asn34Trp,-2.953177691
urn:mavedb:00000012-a-3#256,NA,NA,p.Glu36Trp,-2.837982655
urn:mavedb:00000012-a-3#257,NA,NA,p.Cys37Trp,-11.34997559
urn:mavedb:00000012-a-3#258,NA,NA,p.Glu64del,-12.57593632
urn:mavedb:00000012-a-3#259,NA,NA,p.Arg38Trp,-1.289784938
urn:mavedb:00000012-a-3#260,NA,NA,p.Tyr39Trp,-1.172262937
urn:mavedb:00000012-a-3#261,NA,NA,p.Ser40Trp,-7.710287094
urn:mavedb:00000012-a-3#262,NA,NA,p.Pro41Trp,-5.719796181
urn:mavedb:00000012-a-3#263,NA,NA,p.Lys42Trp,-1.879042983
urn:mavedb:00000012-a-3#264,NA,NA,p.Thr43Trp,-8.997998238
urn:mavedb:00000012-a-3#265,NA,NA,p.Lys44Trp,-0.857036035
urn:mavedb:00000012-a-3#266,NA,NA,p.Arg45Trp,-11.89692593
urn:mavedb:00000012-a-3#267,NA,NA,p.Ser46Trp,-11.77079678
urn:mavedb:00000012-a-3#268,NA,NA,p.Pro47Trp,-3.803521633
urn:mavedb:00000012-a-3#269,NA,NA,p.Lys1Ala,-0.451738745
urn:mavedb:00000012-a-3#270,NA,NA,p.Leu48Trp,-3.751544476
urn:mavedb:00000012-a-3#271,NA,NA,p.Thr49Trp,-7.268025875
urn:mavedb:00000012-a-3#272,NA,NA,p.Arg50Trp,-7.417047977
urn:mavedb:00000012-a-3#273,NA,NA,p.Ala51Trp,-5.831019878
urn:mavedb:00000012-a-3#274,NA,NA,p.His52Trp,-0.654285759
urn:mavedb:00000012-a-3#275,NA,NA,p.Leu53Trp,-5.475399971
urn:mavedb:00000012-a-3#276,NA,NA,p.Thr54Trp,-4.630244255
urn:mavedb:00000012-a-3#277,NA,NA,p.Glu55Trp,0.434365034
urn:mavedb:00000012-a-3#278,NA,NA,p.Val56Trp,-11.92001724
urn:mavedb:00000012-a-3#279,NA,NA,p.Glu57Trp,-5.173072338
urn:mavedb:00000012-a-3#280,NA,NA,p.Leu2Ala,0.137763858
urn:mavedb:00000012-a-3#281,NA,NA,p.Ser58Trp,0.170043111
urn:mavedb:00000012-a-3#282,NA,NA,p.Arg59Trp,-10.52233887
urn:mavedb:00000012-a-3#283,NA,NA,p.Leu60Trp,-13.54815769
urn:mavedb:00000012-a-3#284,NA,NA,p.Glu61Trp,0.139205456
urn:mavedb:00000012-a-3#285,NA,NA,p.Arg62Trp,-2.173223853
urn:mavedb:00000012-a-3#286,NA,NA,p.Leu63Trp,-9.33886528
urn:mavedb:00000012-a-3#287,NA,NA,p.Glu64Trp,-1.690924287
urn:mavedb:00000012-a-3#288,NA,NA,p.Lys1Tyr,0.283295751
urn:mavedb:00000012-a-3#289,NA,NA,p.Leu2Tyr,0.699674964
urn:mavedb:00000012-a-3#290,NA,NA,p.Leu3Tyr,-1.073825061
urn:mavedb:00000012-a-3#291,NA,NA,p.Leu3Ala,0.008664966
urn:mavedb:00000012-a-3#292,NA,NA,p.Ser4Tyr,-0.181482792
urn:mavedb:00000012-a-3#293,NA,NA,p.Ser5Tyr,-1.029274359
urn:mavedb:00000012-a-3#294,NA,NA,p.Ile6Tyr,-0.466217339
urn:mavedb:00000012-a-3#295,NA,NA,p.Glu7Tyr,-6.158260822
urn:mavedb:00000012-a-3#296,NA,NA,p.Gln8Tyr,-1.844463527
urn:mavedb:00000012-a-3#297,NA,NA,p.Ala9Tyr,-11.459198
urn:mavedb:00000012-a-3#298,NA,NA,p.Cys10Tyr,-4.777185678
urn:mavedb:00000012-a-3#299,NA,NA,p.Asp11Tyr,-5.540138721
urn:mavedb:00000012-a-3#300,NA,NA,p.Ile12Tyr,0.228208423
urn:mavedb:00000012-a-3#301,NA,NA,p.Cys13Tyr,-3.633271456
urn:mavedb:00000012-a-3#302,NA,NA,p.Ser4Ala,0.382770777
urn:mavedb:00000012-a-3#303,NA,NA,p.Arg14Tyr,-4.042871237
urn:mavedb:00000012-a-3#304,NA,NA,p.Leu15Tyr,0.562179327
urn:mavedb:00000012-a-3#305,NA,NA,p.Lys16Tyr,-12.81145763
urn:mavedb:00000012-a-3#306,NA,NA,p.Lys17Tyr,-3.636522293
urn:mavedb:00000012-a-3#307,NA,NA,p.Leu18Tyr,-0.968577541
urn:mavedb:00000012-a-3#308,NA,NA,p.Lys19Tyr,-11.78340912
urn:mavedb:00000012-a-3#309,NA,NA,p.Cys20Tyr,-3.847768545
urn:mavedb:00000012-a-3#310,NA,NA,p.Ser21Tyr,-11.12634277
urn:mavedb:00000012-a-3#311,NA,NA,p.Lys22Tyr,-6.361605167
urn:mavedb:00000012-a-3#312,NA,NA,p.Glu23Tyr,-8.683075905
urn:mavedb:00000012-a-3#313,NA,NA,p.Ser5Ala,-1.559240937
urn:mavedb:00000012-a-3#314,NA,NA,p.Lys24Tyr,1.171533346
urn:mavedb:00000012-a-3#315,NA,NA,p.Pro25Tyr,-11.73247051
urn:mavedb:00000012-a-3#316,NA,NA,p.Lys26Tyr,-0.178046346
urn:mavedb:00000012-a-3#317,NA,NA,p.Cys27Tyr,-11.36936569
urn:mavedb:00000012-a-3#318,NA,NA,p.Ala28Tyr,-0.476487726
urn:mavedb:00000012-a-3#319,NA,NA,p.Lys29Tyr,-4.307630062
urn:mavedb:00000012-a-3#320,NA,NA,p.Cys30Tyr,-4.864469528
urn:mavedb:00000012-a-3#321,NA,NA,p.Leu31Tyr,0.403450012
urn:mavedb:00000012-a-3#322,NA,NA,p.Lys32Tyr,-1.470883846
urn:mavedb:00000012-a-3#323,NA,NA,p.Asn33Tyr,-0.188889503
urn:mavedb:00000012-a-3#324,NA,NA,p.Ile6Ala,-0.812323119
urn:mavedb:00000012-a-3#325,NA,NA,p.Asn34Tyr,0.15867877
urn:mavedb:00000012-a-3#326,NA,NA,p.Trp35Tyr,0.669301152
urn:mavedb:00000012-a-3#327,NA,NA,p.Glu36Tyr,-2.031382918
urn:mavedb:00000012-a-3#328,NA,NA,p.Cys37Tyr,-3.147314548
urn:mavedb:00000012-a-3#329,NA,NA,p.Arg38Tyr,0.784078598
urn:mavedb:00000012-a-3#330,NA,NA,p.Ser40Tyr,-3.778642654
urn:mavedb:00000012-a-3#331,NA,NA,p.Pro41Tyr,-6.00433588
urn:mavedb:00000012-a-3#332,NA,NA,p.Lys42Tyr,0.777088642
urn:mavedb:00000012-a-3#333,NA,NA,p.Thr43Tyr,-4.195548058
urn:mavedb:00000012-a-3#334,NA,NA,p.Lys44Tyr,-0.76812128
urn:mavedb:00000012-a-3#335,NA,NA,p.Cys13Ter,-13.25283432
urn:mavedb:00000012-a-3#336,NA,NA,p.Glu7Ala,-2.256947756
urn:mavedb:00000012-a-3#337,NA,NA,p.Arg45Tyr,-12.08339882
urn:mavedb:00000012-a-3#338,NA,NA,p.Ser46Tyr,-7.592812538
urn:mavedb:00000012-a-3#339,NA,NA,p.Pro47Tyr,-3.482999563
urn:mavedb:00000012-a-3#340,NA,NA,p.Leu48Tyr,-3.217888594
urn:mavedb:00000012-a-3#341,NA,NA,p.Thr49Tyr,-3.85631752
urn:mavedb:00000012-a-3#342,NA,NA,p.Arg50Tyr,-4.404466629
urn:mavedb:00000012-a-3#343,NA,NA,p.Ala51Tyr,-1.570704103
urn:mavedb:00000012-a-3#344,NA,NA,p.His52Tyr,0.253146768
urn:mavedb:00000012-a-3#345,NA,NA,p.Leu53Tyr,-5.645595551
urn:mavedb:00000012-a-3#346,NA,NA,p.Thr54Tyr,-3.408851624
urn:mavedb:00000012-a-3#347,NA,NA,p.Gln8Ala,-0.48584649
urn:mavedb:00000012-a-3#348,NA,NA,p.Glu55Tyr,0.638257027
urn:mavedb:00000012-a-3#349,NA,NA,p.Val56Tyr,-2.486305714
urn:mavedb:00000012-a-3#350,NA,NA,p.Glu57Tyr,-4.858181
urn:mavedb:00000012-a-3#351,NA,NA,p.Ser58Tyr,0.923890591
urn:mavedb:00000012-a-3#352,NA,NA,p.Arg59Tyr,-6.187259674
urn:mavedb:00000012-a-3#353,NA,NA,p.Leu60Tyr,0.255455494
urn:mavedb:00000012-a-3#354,NA,NA,p.Glu61Tyr,-0.448427588
urn:mavedb:00000012-a-3#355,NA,NA,p.Arg62Tyr,-3.317287207
urn:mavedb:00000012-a-3#356,NA,NA,p.Leu63Tyr,-3.825139284
urn:mavedb:00000012-a-3#357,NA,NA,p.Glu64Tyr,0.574572086
urn:mavedb:00000012-a-3#358,NA,NA,p.Cys10Ala,-5.02537632
urn:mavedb:00000012-a-3#359,NA,NA,p.Asp11Ala,-10.53502655
urn:mavedb:00000012-a-3#360,NA,NA,p.Ile12Ala,-0.975726083
urn:mavedb:00000012-a-3#361,NA,NA,p.Cys13Ala,-11.3887949
urn:mavedb:00000012-a-3#362,NA,NA,p.Arg14Ala,-0.439850599
urn:mavedb:00000012-a-3#363,NA,NA,p.Leu15Ala,-0.887857493
urn:mavedb:00000012-a-3#364,NA,NA,p.Lys16Ala,-11.0896225
urn:mavedb:00000012-a-3#365,NA,NA,p.Lys17Ala,-6.024438381
urn:mavedb:00000012-a-3#366,NA,NA,p.Arg14Ter,-11.81429005
urn:mavedb:00000012-a-3#367,NA,NA,p.Leu18Ala,0.549169779
urn:mavedb:00000012-a-3#368,NA,NA,p.Lys19Ala,-1.225667268
urn:mavedb:00000012-a-3#369,NA,NA,p.Cys20Ala,-7.531229496
urn:mavedb:00000012-a-3#370,NA,NA,p.Lys22Ala,-7.554229259
urn:mavedb:00000012-a-3#371,NA,NA,p.Glu23Ala,0.516744137
urn:mavedb:00000012-a-3#372,NA,NA,p.Lys24Ala,0.277799726
urn:mavedb:00000012-a-3#373,NA,NA,p.Pro25Ala,-3.621543169
urn:mavedb:00000012-a-3#374,NA,NA,p.Cys27Ala,-5.507656097
urn:mavedb:00000012-a-3#375,NA,NA,p.Lys29Ala,-6.129361629
urn:mavedb:00000012-a-3#376,NA,NA,p.Cys30Ala,-4.844241381
urn:mavedb:00000012-a-3#377,NA,NA,p.Leu15Ter,-5.777539253
urn:mavedb:00000012-a-3#378,NA,NA,p.Leu31Ala,0.562324166
urn:mavedb:00000012-a-3#379,NA,NA,p.Lys32Ala,-0.412591785
urn:mavedb:00000012-a-3#380,NA,NA,p.Asn33Ala,-0.488124162
urn:mavedb:00000012-a-3#381,NA,NA,p.Asn34Ala,0.418895245
urn:mavedb:00000012-a-3#382,NA,NA,p.Trp35Ala,0.852651954
urn:mavedb:00000012-a-3#383,NA,NA,p.Glu36Ala,0.251546979
urn:mavedb:00000012-a-3#384,NA,NA,p.Cys37Ala,-3.865690231
urn:mavedb:00000012-a-3#385,NA,NA,p.Arg38Ala,0.14513731
urn:mavedb:00000012-a-3#386,NA,NA,p.Tyr39Ala,-5.850886822
urn:mavedb:00000012-a-3#387,NA,NA,p.Ser40Ala,-1.026565373
urn:mavedb:00000012-a-3#388,NA,NA,p.Lys16Ter,-5.994320869
urn:mavedb:00000012-a-3#389,NA,NA,p.Pro41Ala,-0.732717544
urn:mavedb:00000012-a-3#390,NA,NA,p.Lys42Ala,-0.14014554
urn:mavedb:00000012-a-3#391,NA,NA,p.Thr43Ala,0.36047101
urn:mavedb:00000012-a-3#392,NA,NA,p.Lys44Ala,0.804660678
urn:mavedb:00000012-a-3#393,NA,NA,p.Arg45Ala,-12.61605644
urn:mavedb:00000012-a-3#394,NA,NA,p.Ser46Ala,-2.694392204
urn:mavedb:00000012-a-3#395,NA,NA,p.Pro47Ala,-2.096514106
urn:mavedb:00000012-a-3#396,NA,NA,p.Leu48Ala,-10.99691963
urn:mavedb:00000012-a-3#397,NA,NA,p.Thr49Ala,-12.26226521
urn:mavedb:00000012-a-3#398,NA,NA,p.Arg50Ala,-12.36590004
urn:mavedb:00000012-a-3#399,NA,NA,p.Lys17Ter,-4.041220903
urn:mavedb:00000012-a-3#400,NA,NA,p.His52Ala,-10.33179569
urn:mavedb:00000012-a-3#401,NA,NA,p.Leu53Ala,-10.85463238
urn:mavedb:00000012-a-3#402,NA,NA,p.Thr54Ala,-1.564967692
urn:mavedb:00000012-a-3#403,NA,NA,p.Glu55Ala,0.281659603
urn:mavedb:00000012-a-3#404,NA,NA,p.Val56Ala,-12.40150547
urn:mavedb:00000012-a-3#405,NA,NA,p.Glu57Ala,-11.87154675
urn:mavedb:00000012-a-3#406,NA,NA,p.Arg59Ala,-1.410913527
urn:mavedb:00000012-a-3#407,NA,NA,p.Leu60Ala,0.161416054
urn:mavedb:00000012-a-3#408,NA,NA,p.Glu61Ala,-0.766626708
urn:mavedb:00000012-a-3#409,NA,NA,p.Arg62Ala,1.060070992
urn:mavedb:00000012-a-3#410,NA,NA,p.Leu18Ter,-5.127477646
urn:mavedb:00000012-a-3#411,NA,NA,p.Leu63Ala,-7.568615913
urn:mavedb:00000012-a-3#412,NA,NA,p.Glu64Ala,-4.270687103
urn:mavedb:00000012-a-3#413,NA,NA,p.Lys1Cys,1.038449168
urn:mavedb:00000012-a-3#414,NA,NA,p.Leu2Cys,-0.854029577
urn:mavedb:00000012-a-3#415,NA,NA,p.Leu3Cys,-0.452486932
urn:mavedb:00000012-a-3#416,NA,NA,p.Ser4Cys,-0.447727233
urn:mavedb:00000012-a-3#417,NA,NA,p.Ser5Cys,-0.621483207
urn:mavedb:00000012-a-3#418,NA,NA,p.Ile6Cys,-0.168449759
urn:mavedb:00000012-a-3#419,NA,NA,p.Glu7Cys,-0.890839022
urn:mavedb:00000012-a-3#420,NA,NA,p.Gln8Cys,-6.451684475
urn:mavedb:00000012-a-3#421,NA,NA,p.Lys19Ter,-4.602833509
urn:mavedb:00000012-a-3#422,NA,NA,p.Ala9Cys,-10.10978317
urn:mavedb:00000012-a-3#423,NA,NA,p.Asp11Cys,-10.89356041
urn:mavedb:00000012-a-3#424,NA,NA,p.Ile12Cys,-0.865311038
urn:mavedb:00000012-a-3#425,NA,NA,p.Arg14Cys,-11.2043972
urn:mavedb:00000012-a-3#426,NA,NA,p.Leu15Cys,-0.432186455
urn:mavedb:00000012-a-3#427,NA,NA,p.Lys16Cys,-3.7834692
urn:mavedb:00000012-a-3#428,NA,NA,p.Lys17Cys,-5.854942799
urn:mavedb:00000012-a-3#429,NA,NA,p.Leu18Cys,-2.198445797
urn:mavedb:00000012-a-3#430,NA,NA,p.Lys19Cys,-4.058438301
urn:mavedb:00000012-a-3#431,NA,NA,p.Ser21Cys,-11.95171738
urn:mavedb:00000012-a-3#432,NA,NA,p.Leu2Ter,-3.841748714
urn:mavedb:00000012-a-3#433,NA,NA,p.Cys20Ter,-11.16605186
urn:mavedb:00000012-a-3#434,NA,NA,p.Lys22Cys,-12.25065804
urn:mavedb:00000012-a-3#435,NA,NA,p.Glu23Cys,0.235873938
urn:mavedb:00000012-a-3#436,NA,NA,p.Lys24Cys,-0.550468713
urn:mavedb:00000012-a-3#437,NA,NA,p.Pro25Cys,-10.8842392
urn:mavedb:00000012-a-3#438,NA,NA,p.Lys26Cys,-0.007997632
urn:mavedb:00000012-a-3#439,NA,NA,p.Ala28Cys,-0.149152577
urn:mavedb:00000012-a-3#440,NA,NA,p.Lys29Cys,-3.354346514
urn:mavedb:00000012-a-3#441,NA,NA,p.Leu31Cys,-0.094042778
urn:mavedb:00000012-a-3#442,NA,NA,p.Lys32Cys,-1.429456532
urn:mavedb:00000012-a-3#443,NA,NA,p.Asn33Cys,0.026422501
urn:mavedb:00000012-a-3#444,NA,NA,p.Ser21Ter,-11.49513054
urn:mavedb:00000012-a-3#445,NA,NA,p.Asn34Cys,1.000488758
urn:mavedb:00000012-a-3#446,NA,NA,p.Trp35Cys,-1.323941439
urn:mavedb:00000012-a-3#447,NA,NA,p.Glu36Cys,0.657269239
urn:mavedb:00000012-a-3#448,NA,NA,p.Arg38Cys,0.144736826
urn:mavedb:00000012-a-3#449,NA,NA,p.Tyr39Cys,-11.57248974
urn:mavedb:00000012-a-3#450,NA,NA,p.Ser40Cys,-4.65501833
urn:mavedb:00000012-a-3#451,NA,NA,p.Pro41Cys,-3.990083694
urn:mavedb:00000012-a-3#452,NA,NA,p.Lys42Cys,-2.897373199
urn:mavedb:00000012-a-3#453,NA,NA,p.Thr43Cys,0.46481812
urn:mavedb:00000012-a-3#454,NA,NA,p.Lys44Cys,-0.606243834
urn:mavedb:00000012-a-3#455,NA,NA,p.Lys22Ter,-5.984255791
urn:mavedb:00000012-a-3#456,NA,NA,p.Arg45Cys,-12.40620708
urn:mavedb:00000012-a-3#457,NA,NA,p.Ser46Cys,-11.45097446
urn:mavedb:00000012-a-3#458,NA,NA,p.Pro47Cys,-5.032874584
urn:mavedb:00000012-a-3#459,NA,NA,p.Leu48Cys,-5.100547314
urn:mavedb:00000012-a-3#460,NA,NA,p.Thr49Cys,-4.917604923
urn:mavedb:00000012-a-3#461,NA,NA,p.Arg50Cys,-13.15619755
urn:mavedb:00000012-a-3#462,NA,NA,p.Ala51Cys,-0.517031074
urn:mavedb:00000012-a-3#463,NA,NA,p.His52Cys,-4.653782368
urn:mavedb:00000012-a-3#464,NA,NA,p.Leu53Cys,-3.291108608
urn:mavedb:00000012-a-3#465,NA,NA,p.Thr54Cys,-1.424073696
urn:mavedb:00000012-a-3#466,NA,NA,p.Glu23Ter,-4.611953974
urn:mavedb:00000012-a-3#467,NA,NA,p.Glu55Cys,0.125536621
urn:mavedb:00000012-a-3#468,NA,NA,p.Val56Cys,0.52026546
urn:mavedb:00000012-a-3#469,NA,NA,p.Glu57Cys,-5.119380474
urn:mavedb:00000012-a-3#470,NA,NA,p.Ser58Cys,0.553125858
urn:mavedb:00000012-a-3#471,NA,NA,p.Arg59Cys,-4.172057152
urn:mavedb:00000012-a-3#472,NA,NA,p.Leu60Cys,0.2526021
urn:mavedb:00000012-a-3#473,NA,NA,p.Glu61Cys,0.249045134
urn:mavedb:00000012-a-3#474,NA,NA,p.Arg62Cys,-1.416048646
urn:mavedb:00000012-a-3#475,NA,NA,p.Leu63Cys,-0.520862758
urn:mavedb:00000012-a-3#476,NA,NA,p.Glu64Cys,-0.887151767
urn:mavedb:00000012-a-3#477,NA,NA,p.Lys24Ter,-5.708810806
urn:mavedb:00000012-a-3#478,NA,NA,p.Lys1Asp,-1.52782023
urn:mavedb:00000012-a-3#479,NA,NA,p.Leu2Asp,0.535352468
urn:mavedb:00000012-a-3#480,NA,NA,p.Leu3Asp,1.095945835
urn:mavedb:00000012-a-3#481,NA,NA,p.Ser4Asp,-0.390127748
urn:mavedb:00000012-a-3#482,NA,NA,p.Ser5Asp,0.471646547
urn:mavedb:00000012-a-3#483,NA,NA,p.Ile6Asp,-1.865276337
urn:mavedb:00000012-a-3#484,NA,NA,p.Glu7Asp,-0.277182698
urn:mavedb:00000012-a-3#485,NA,NA,p.Gln8Asp,-5.50565815
urn:mavedb:00000012-a-3#486,NA,NA,p.Ala9Asp,-8.603190899
urn:mavedb:00000012-a-3#487,NA,NA,p.Cys10Asp,-11.63570595
urn:mavedb:00000012-a-3#488,NA,NA,p.Pro25Ter,-2.815394998
urn:mavedb:00000012-a-3#489,NA,NA,p.Ile12Asp,-0.320219338
urn:mavedb:00000012-a-3#490,NA,NA,p.Cys13Asp,-13.85014153
urn:mavedb:00000012-a-3#491,NA,NA,p.Arg14Asp,-9.311890602
urn:mavedb:00000012-a-3#492,NA,NA,p.Leu15Asp,-0.328539789
urn:mavedb:00000012-a-3#493,NA,NA,p.Lys16Asp,-9.404109955
urn:mavedb:00000012-a-3#494,NA,NA,p.Lys17Asp,-11.3559618
urn:mavedb:00000012-a-3#495,NA,NA,p.Leu18Asp,-12.40032864
urn:mavedb:00000012-a-3#496,NA,NA,p.Lys19Asp,-7.729643822
urn:mavedb:00000012-a-3#497,NA,NA,p.Cys20Asp,-6.865265369
urn:mavedb:00000012-a-3#498,NA,NA,p.Lys22Asp,-5.39252758
urn:mavedb:00000012-a-3#499,NA,NA,p.Lys26Ter,-13.24662209
urn:mavedb:00000012-a-3#500,NA,NA,p.Glu23Asp,0.241436839
urn:mavedb:00000012-a-3#501,NA,NA,p.Lys24Asp,-0.118505478
urn:mavedb:00000012-a-3#502,NA,NA,p.Pro25Asp,-2.608577728
urn:mavedb:00000012-a-3#503,NA,NA,p.Lys26Asp,-0.291011155
urn:mavedb:00000012-a-3#504,NA,NA,p.Cys27Asp,-4.611120701
urn:mavedb:00000012-a-3#505,NA,NA,p.Ala28Asp,0.324227095
urn:mavedb:00000012-a-3#506,NA,NA,p.Lys29Asp,-6.10055685
urn:mavedb:00000012-a-3#507,NA,NA,p.Cys30Asp,-11.20597076
urn:mavedb:00000012-a-3#508,NA,NA,p.Leu31Asp,0.617740393
urn:mavedb:00000012-a-3#509,NA,NA,p.Lys32Asp,-3.079333544
urn:mavedb:00000012-a-3#510,NA,NA,p.Cys27Ter,-10.95392609
urn:mavedb:00000012-a-3#511,NA,NA,p.Asn33Asp,-1.5054214
urn:mavedb:00000012-a-3#512,NA,NA,p.Asn34Asp,-0.038291097
urn:mavedb:00000012-a-3#513,NA,NA,p.Trp35Asp,-0.244134068
urn:mavedb:00000012-a-3#514,NA,NA,p.Glu36Asp,0.432845235
urn:mavedb:00000012-a-3#515,NA,NA,p.Cys37Asp,-2.813522577
urn:mavedb:00000012-a-3#516,NA,NA,p.Arg38Asp,0.178176403
urn:mavedb:00000012-a-3#517,NA,NA,p.Tyr39Asp,-13.58231163
urn:mavedb:00000012-a-3#518,NA,NA,p.Ser40Asp,-9.940732956
urn:mavedb:00000012-a-3#519,NA,NA,p.Pro41Asp,-2.22111845
urn:mavedb:00000012-a-3#520,NA,NA,p.Lys42Asp,-6.209831715
urn:mavedb:00000012-a-3#521,NA,NA,p.Ala28Ter,-4.646449089
urn:mavedb:00000012-a-3#522,NA,NA,p.Thr43Asp,-0.740306497
urn:mavedb:00000012-a-3#523,NA,NA,p.Lys44Asp,-5.430208206
urn:mavedb:00000012-a-3#524,NA,NA,p.Arg45Asp,-11.77034092
urn:mavedb:00000012-a-3#525,NA,NA,p.Pro47Asp,-2.539744616
urn:mavedb:00000012-a-3#526,NA,NA,p.Leu48Asp,-11.83736229
urn:mavedb:00000012-a-3#527,NA,NA,p.Thr49Asp,-12.00943661
urn:mavedb:00000012-a-3#528,NA,NA,p.Arg50Asp,-4.358745575
urn:mavedb:00000012-a-3#529,NA,NA,p.Ala51Asp,-4.214621544
urn:mavedb:00000012-a-3#530,NA,NA,p.His52Asp,-11.8573122
urn:mavedb:00000012-a-3#531,NA,NA,p.Leu53Asp,-12.36091423
urn:mavedb:00000012-a-3#532,NA,NA,p.Lys29Ter,-5.340846539
urn:mavedb:00000012-a-3#533,NA,NA,p.Thr54Asp,-1.163389981
urn:mavedb:00000012-a-3#534,NA,NA,p.Glu55Asp,0.286535263
urn:mavedb:00000012-a-3#535,NA,NA,p.Val56Asp,-3.717848063
urn:mavedb:00000012-a-3#536,NA,NA,p.Glu57Asp,-3.768675327
urn:mavedb:00000012-a-3#537,NA,NA,p.Ser58Asp,-0.603891864
urn:mavedb:00000012-a-3#538,NA,NA,p.Arg59Asp,-9.909248352
urn:mavedb:00000012-a-3#539,NA,NA,p.Leu60Asp,-8.964921951
urn:mavedb:00000012-a-3#540,NA,NA,p.Glu61Asp,0.128153443
urn:mavedb:00000012-a-3#541,NA,NA,p.Arg62Asp,-12.90494061
urn:mavedb:00000012-a-3#542,NA,NA,p.Leu63Asp,-11.21682739
urn:mavedb:00000012-a-3#543,NA,NA,p.Leu3Ter,-5.645847321
urn:mavedb:00000012-a-3#544,NA,NA,p.Cys30Ter,-6.921680927
urn:mavedb:00000012-a-3#545,NA,NA,p.Glu64Asp,-2.467310429
urn:mavedb:00000012-a-3#546,NA,NA,p.Lys1Glu,-7.143759251
urn:mavedb:00000012-a-3#547,NA,NA,p.Leu2Glu,0.542967081
urn:mavedb:00000012-a-3#548,NA,NA,p.Leu3Glu,0.647423029
urn:mavedb:00000012-a-3#549,NA,NA,p.Ser4Glu,0.368257761
urn:mavedb:00000012-a-3#550,NA,NA,p.Ser5Glu,0.015310407
urn:mavedb:00000012-a-3#551,NA,NA,p.Ile6Glu,-0.677525029
urn:mavedb:00000012-a-3#552,NA,NA,p.Gln8Glu,-8.06394434
urn:mavedb:00000012-a-3#553,NA,NA,p.Ala9Glu,-13.64480972
urn:mavedb:00000012-a-3#554,NA,NA,p.Cys10Glu,-1.917573452
urn:mavedb:00000012-a-3#555,NA,NA,p.Leu31Ter,-3.336214542
urn:mavedb:00000012-a-3#556,NA,NA,p.Asp11Glu,-5.696639061
urn:mavedb:00000012-a-3#557,NA,NA,p.Ile12Glu,-0.079105198
urn:mavedb:00000012-a-3#558,NA,NA,p.Cys13Glu,-4.739236355
urn:mavedb:00000012-a-3#559,NA,NA,p.Arg14Glu,-11.60280705
urn:mavedb:00000012-a-3#560,NA,NA,p.Leu15Glu,-0.293436885
urn:mavedb:00000012-a-3#561,NA,NA,p.Lys16Glu,-10.92943764
urn:mavedb:00000012-a-3#562,NA,NA,p.Lys17Glu,-10.84266758
urn:mavedb:00000012-a-3#563,NA,NA,p.Leu18Glu,-10.96691227
urn:mavedb:00000012-a-3#564,NA,NA,p.Lys19Glu,-7.284299374
urn:mavedb:00000012-a-3#565,NA,NA,p.Cys20Glu,-6.208209515
urn:mavedb:00000012-a-3#566,NA,NA,p.Lys32Ter,-7.070016384
urn:mavedb:00000012-a-3#567,NA,NA,p.Lys22Glu,-5.424760818
urn:mavedb:00000012-a-3#568,NA,NA,p.Lys24Glu,0.302145243
urn:mavedb:00000012-a-3#569,NA,NA,p.Pro25Glu,-2.254356265
urn:mavedb:00000012-a-3#570,NA,NA,p.Lys26Glu,-0.485782772
urn:mavedb:00000012-a-3#571,NA,NA,p.Cys27Glu,-11.56389046
urn:mavedb:00000012-a-3#572,NA,NA,p.Ala28Glu,-0.692419961
urn:mavedb:00000012-a-3#573,NA,NA,p.Lys29Glu,-9.837143898
urn:mavedb:00000012-a-3#574,NA,NA,p.Cys30Glu,-6.327749729
urn:mavedb:00000012-a-3#575,NA,NA,p.Leu31Glu,-0.064762652
urn:mavedb:00000012-a-3#576,NA,NA,p.Lys32Glu,-3.79786706
urn:mavedb:00000012-a-3#577,NA,NA,p.Asn33Ter,-5.364709854
urn:mavedb:00000012-a-3#578,NA,NA,p.Asn33Glu,-1.029359043
urn:mavedb:00000012-a-3#579,NA,NA,p.Asn34Glu,0.170582175
urn:mavedb:00000012-a-3#580,NA,NA,p.Trp35Glu,-0.773754731
urn:mavedb:00000012-a-3#581,NA,NA,p.Cys37Glu,-12.23939514
urn:mavedb:00000012-a-3#582,NA,NA,p.Arg38Glu,0.58633697
urn:mavedb:00000012-a-3#583,NA,NA,p.Tyr39Glu,-4.257125854
urn:mavedb:00000012-a-3#584,NA,NA,p.Ser40Glu,-5.728533745
urn:mavedb:00000012-a-3#585,NA,NA,p.Pro41Glu,-0.673824176
urn:mavedb:00000012-a-3#586,NA,NA,p.Lys42Glu,-7.967758656
urn:mavedb:00000012-a-3#587,NA,NA,p.Thr43Glu,0.943360448
urn:mavedb:00000012-a-3#588,NA,NA,p.Asn34Ter,-7.720490932
urn:mavedb:00000012-a-3#589,NA,NA,p.Lys44Glu,-2.939765215
urn:mavedb:00000012-a-3#590,NA,NA,p.Arg45Glu,-3.792050123
urn:mavedb:00000012-a-3#591,NA,NA,p.Ser46Glu,-11.53090668
urn:mavedb:00000012-a-3#592,NA,NA,p.Pro47Glu,-4.085439205
urn:mavedb:00000012-a-3#593,NA,NA,p.Leu48Glu,-12.65171337
urn:mavedb:00000012-a-3#594,NA,NA,p.Thr49Glu,-12.59085464
urn:mavedb:00000012-a-3#595,NA,NA,p.Arg50Glu,-4.427578926
urn:mavedb:00000012-a-3#596,NA,NA,p.Ala51Glu,-2.673831344
urn:mavedb:00000012-a-3#597,NA,NA,p.His52Glu,-3.18507576
urn:mavedb:00000012-a-3#598,NA,NA,p.Leu53Glu,-2.503851414
urn:mavedb:00000012-a-3#599,NA,NA,p.Trp35Ter,-11.9029789
urn:mavedb:00000012-a-3#600,NA,NA,p.Thr54Glu,-0.070498526
urn:mavedb:00000012-a-3#601,NA,NA,p.Val56Glu,-5.766328812
urn:mavedb:00000012-a-3#602,NA,NA,p.Ser58Glu,0.688237309
urn:mavedb:00000012-a-3#603,NA,NA,p.Arg59Glu,-8.876684189
urn:mavedb:00000012-a-3#604,NA,NA,p.Leu60Glu,-11.98509407
urn:mavedb:00000012-a-3#605,NA,NA,p.Arg62Glu,-4.645846844
urn:mavedb:00000012-a-3#606,NA,NA,p.Leu63Glu,-8.745977402
urn:mavedb:00000012-a-3#607,NA,NA,p.Lys1Phe,0.149574757
urn:mavedb:00000012-a-3#608,NA,NA,p.Leu2Phe,-2.635192752
urn:mavedb:00000012-a-3#609,NA,NA,p.Leu3Phe,0.466446877
urn:mavedb:00000012-a-3#610,NA,NA,p.Glu36Ter,-5.159959316
urn:mavedb:00000012-a-3#611,NA,NA,p.Ser4Phe,0.179662943
urn:mavedb:00000012-a-3#612,NA,NA,p.Ser5Phe,-0.685331732
urn:mavedb:00000012-a-3#613,NA,NA,p.Ile6Phe,-0.024843693
urn:mavedb:00000012-a-3#614,NA,NA,p.Glu7Phe,-0.535149485
urn:mavedb:00000012-a-3#615,NA,NA,p.Gln8Phe,0.498104692
urn:mavedb:00000012-a-3#616,NA,NA,p.Ala9Phe,-10.87083817
urn:mavedb:00000012-a-3#617,NA,NA,p.Cys10Phe,-12.10542774
urn:mavedb:00000012-a-3#618,NA,NA,p.Asp11Phe,-11.82437992
urn:mavedb:00000012-a-3#619,NA,NA,p.Ile12Phe,0.712219954
urn:mavedb:00000012-a-3#620,NA,NA,p.Cys13Phe,-12.91559315
urn:mavedb:00000012-a-3#621,NA,NA,p.Cys37Ter,-11.23238087
urn:mavedb:00000012-a-3#622,NA,NA,p.Arg14Phe,-8.663733482
urn:mavedb:00000012-a-3#623,NA,NA,p.Leu15Phe,-0.254683793
urn:mavedb:00000012-a-3#624,NA,NA,p.Lys16Phe,-3.419853449
urn:mavedb:00000012-a-3#625,NA,NA,p.Lys17Phe,-12.01078796
urn:mavedb:00000012-a-3#626,NA,NA,p.Leu18Phe,-9.717512131
urn:mavedb:00000012-a-3#627,NA,NA,p.Lys19Phe,-12.78025913
urn:mavedb:00000012-a-3#628,NA,NA,p.Cys20Phe,-3.78219223
urn:mavedb:00000012-a-3#629,NA,NA,p.Ser21Phe,-12.21515369
urn:mavedb:00000012-a-3#630,NA,NA,p.Lys22Phe,-4.676092863
urn:mavedb:00000012-a-3#631,NA,NA,p.Glu23Phe,-3.581947565
urn:mavedb:00000012-a-3#632,NA,NA,p.Arg38Ter,-10.25004387
urn:mavedb:00000012-a-3#633,NA,NA,p.Lys24Phe,0.617219448
urn:mavedb:00000012-a-3#634,NA,NA,p.Pro25Phe,-6.384815693
urn:mavedb:00000012-a-3#635,NA,NA,p.Lys26Phe,0.610924482
urn:mavedb:00000012-a-3#636,NA,NA,p.Cys27Phe,-4.110152006
urn:mavedb:00000012-a-3#637,NA,NA,p.Ala28Phe,-1.578520298
urn:mavedb:00000012-a-3#638,NA,NA,p.Lys29Phe,-5.854284763
urn:mavedb:00000012-a-3#639,NA,NA,p.Cys30Phe,-6.524604797
urn:mavedb:00000012-a-3#640,NA,NA,p.Leu31Phe,0.49749732
urn:mavedb:00000012-a-3#641,NA,NA,p.Lys32Phe,-1.122080326
urn:mavedb:00000012-a-3#642,NA,NA,p.Asn33Phe,-0.445009381
urn:mavedb:00000012-a-3#643,NA,NA,p.Tyr39Ter,-4.274527311
urn:mavedb:00000012-a-3#644,NA,NA,p.Asn34Phe,-0.093417108
urn:mavedb:00000012-a-3#645,NA,NA,p.Trp35Phe,0.192356706
urn:mavedb:00000012-a-3#646,NA,NA,p.Glu36Phe,-0.425118387
urn:mavedb:00000012-a-3#647,NA,NA,p.Cys37Phe,-3.271733046
urn:mavedb:00000012-a-3#648,NA,NA,p.Arg38Phe,0.312214732
urn:mavedb:00000012-a-3#649,NA,NA,p.Tyr39Phe,-1.183181733
urn:mavedb:00000012-a-3#650,NA,NA,p.Ser40Phe,-5.066832542
urn:mavedb:00000012-a-3#651,NA,NA,p.Pro41Phe,-8.692581177
urn:mavedb:00000012-a-3#652,NA,NA,p.Lys42Phe,-0.568024725
urn:mavedb:00000012-a-3#653,NA,NA,p.Thr43Phe,-1.987442374
urn:mavedb:00000012-a-3#654,NA,NA,p.Ser4Ter,-4.432216644
urn:mavedb:00000012-a-3#655,NA,NA,p.Ser40Ter,-5.021337032
urn:mavedb:00000012-a-3#656,NA,NA,p.Lys44Phe,-1.884148598
urn:mavedb:00000012-a-3#657,NA,NA,p.Arg45Phe,-8.992620468
urn:mavedb:00000012-a-3#658,NA,NA,p.Ser46Phe,-9.989233971
urn:mavedb:00000012-a-3#659,NA,NA,p.Pro47Phe,-13.47326756
urn:mavedb:00000012-a-3#660,NA,NA,p.Leu48Phe,-4.927376747
urn:mavedb:00000012-a-3#661,NA,NA,p.Thr49Phe,-5.965800762
urn:mavedb:00000012-a-3#662,NA,NA,p.Arg50Phe,-10.80514717
urn:mavedb:00000012-a-3#663,NA,NA,p.Ala51Phe,-0.937007196
urn:mavedb:00000012-a-3#664,NA,NA,p.His52Phe,-1.439397931
urn:mavedb:00000012-a-3#665,NA,NA,p.Leu53Phe,-9.653115273
urn:mavedb:00000012-a-3#666,NA,NA,p.Pro41Ter,-4.912103176
urn:mavedb:00000012-a-3#667,NA,NA,p.Thr54Phe,-2.989582539
urn:mavedb:00000012-a-3#668,NA,NA,p.Glu55Phe,-0.810115729
urn:mavedb:00000012-a-3#669,NA,NA,p.Val56Phe,-12.65262032
urn:mavedb:00000012-a-3#670,NA,NA,p.Glu57Phe,-3.441240072
urn:mavedb:00000012-a-3#671,NA,NA,p.Ser58Phe,0.113267541
urn:mavedb:00000012-a-3#672,NA,NA,p.Arg59Phe,-13.21280766
urn:mavedb:00000012-a-3#673,NA,NA,p.Leu60Phe,-1.701348841
urn:mavedb:00000012-a-3#674,NA,NA,p.Glu61Phe,-0.361389488
urn:mavedb:00000012-a-3#675,NA,NA,p.Arg62Phe,-0.360489339
urn:mavedb:00000012-a-3#676,NA,NA,p.Leu63Phe,0.188300371
urn:mavedb:00000012-a-3#677,NA,NA,p.Lys42Ter,-5.89043045
urn:mavedb:00000012-a-3#678,NA,NA,p.Glu64Phe,-5.727577209
urn:mavedb:00000012-a-3#679,NA,NA,p.Lys1Gly,1.769477367
urn:mavedb:00000012-a-3#680,NA,NA,p.Leu2Gly,0.22218585
urn:mavedb:00000012-a-3#681,NA,NA,p.Leu3Gly,-0.43133536
urn:mavedb:00000012-a-3#682,NA,NA,p.Ser4Gly,-2.965454578
urn:mavedb:00000012-a-3#683,NA,NA,p.Ser5Gly,-1.288470447
urn:mavedb:00000012-a-3#684,NA,NA,p.Ile6Gly,-1.472445488
urn:mavedb:00000012-a-3#685,NA,NA,p.Glu7Gly,-1.258116722
urn:mavedb:00000012-a-3#686,NA,NA,p.Gln8Gly,-1.786933482
urn:mavedb:00000012-a-3#687,NA,NA,p.Ala9Gly,-1.088505507
urn:mavedb:00000012-a-3#688,NA,NA,p.Thr43Ter,-5.980635166
urn:mavedb:00000012-a-3#689,NA,NA,p.Cys10Gly,-13.01541042
urn:mavedb:00000012-a-3#690,NA,NA,p.Asp11Gly,-8.520119667
urn:mavedb:00000012-a-3#691,NA,NA,p.Ile12Gly,0.261696577
urn:mavedb:00000012-a-3#692,NA,NA,p.Cys13Gly,-12.00537586
urn:mavedb:00000012-a-3#693,NA,NA,p.Arg14Gly,-5.642728329
urn:mavedb:00000012-a-3#694,NA,NA,p.Leu15Gly,0.276702404
urn:mavedb:00000012-a-3#695,NA,NA,p.Lys16Gly,-11.27227783
urn:mavedb:00000012-a-3#696,NA,NA,p.Lys17Gly,-9.716589928
urn:mavedb:00000012-a-3#697,NA,NA,p.Leu18Gly,2.096281528
urn:mavedb:00000012-a-3#698,NA,NA,p.Lys19Gly,0.584102392
urn:mavedb:00000012-a-3#699,NA,NA,p.Lys44Ter,-12.22787094
urn:mavedb:00000012-a-3#700,NA,NA,p.Cys20Gly,-5.726589203
urn:mavedb:00000012-a-3#701,NA,NA,p.Ser21Gly,-1.20924297
urn:mavedb:00000012-a-3#702,NA,NA,p.Lys22Gly,-10.39826488
urn:mavedb:00000012-a-3#703,NA,NA,p.Glu23Gly,-0.162635565
urn:mavedb:00000012-a-3#704,NA,NA,p.Lys24Gly,0.255855203
urn:mavedb:00000012-a-3#705,NA,NA,p.Pro25Gly,-1.691310406
urn:mavedb:00000012-a-3#706,NA,NA,p.Lys26Gly,0.347621083
urn:mavedb:00000012-a-3#707,NA,NA,p.Cys27Gly,-11.95211887
urn:mavedb:00000012-a-3#708,NA,NA,p.Ala28Gly,-1.435930252
urn:mavedb:00000012-a-3#709,NA,NA,p.Lys29Gly,-4.014708996
urn:mavedb:00000012-a-3#710,NA,NA,p.Arg45Ter,-4.588839293
urn:mavedb:00000012-a-3#711,NA,NA,p.Cys30Gly,-4.800921202
urn:mavedb:00000012-a-3#712,NA,NA,p.Leu31Gly,0.352991581
urn:mavedb:00000012-a-3#713,NA,NA,p.Lys32Gly,-0.459317654
urn:mavedb:00000012-a-3#714,NA,NA,p.Asn33Gly,-0.145123959
urn:mavedb:00000012-a-3#715,NA,NA,p.Asn34Gly,-0.64504829
urn:mavedb:00000012-a-3#716,NA,NA,p.Trp35Gly,0.256421685
urn:mavedb:00000012-a-3#717,NA,NA,p.Glu36Gly,0.042787433
urn:mavedb:00000012-a-3#718,NA,NA,p.Cys37Gly,-3.420985222
urn:mavedb:00000012-a-3#719,NA,NA,p.Arg38Gly,0.146173775
urn:mavedb:00000012-a-3#720,NA,NA,p.Tyr39Gly,-7.106040478
urn:mavedb:00000012-a-3#721,NA,NA,p.Ser46Ter,-10.74783039
urn:mavedb:00000012-a-3#722,NA,NA,p.Ser40Gly,-1.490046263
urn:mavedb:00000012-a-3#723,NA,NA,p.Pro41Gly,-1.629310131
urn:mavedb:00000012-a-3#724,NA,NA,p.Lys42Gly,-1.501579702
urn:mavedb:00000012-a-3#725,NA,NA,p.Thr43Gly,-0.519972712
urn:mavedb:00000012-a-3#726,NA,NA,p.Lys44Gly,-7.479809761
urn:mavedb:00000012-a-3#727,NA,NA,p.Arg45Gly,-12.33920956
urn:mavedb:00000012-a-3#728,NA,NA,p.Ser46Gly,-12.39264965
urn:mavedb:00000012-a-3#729,NA,NA,p.Pro47Gly,-3.692855358
urn:mavedb:00000012-a-3#730,NA,NA,p.Leu48Gly,-5.68763113
urn:mavedb:00000012-a-3#731,NA,NA,p.Thr49Gly,-12.35198689
urn:mavedb:00000012-a-3#732,NA,NA,p.Pro47Ter,-7.154444695
urn:mavedb:00000012-a-3#733,NA,NA,p.Arg50Gly,-10.86208248
urn:mavedb:00000012-a-3#734,NA,NA,p.Ala51Gly,-2.27627039
urn:mavedb:00000012-a-3#735,NA,NA,p.His52Gly,-13.92790604
urn:mavedb:00000012-a-3#736,NA,NA,p.Leu53Gly,-12.37372208
urn:mavedb:00000012-a-3#737,NA,NA,p.Thr54Gly,-2.89608717
urn:mavedb:00000012-a-3#738,NA,NA,p.Glu55Gly,-0.470299184
urn:mavedb:00000012-a-3#739,NA,NA,p.Val56Gly,-11.11317635
urn:mavedb:00000012-a-3#740,NA,NA,p.Glu57Gly,-10.56172657
urn:mavedb:00000012-a-3#741,NA,NA,p.Ser58Gly,-0.101557612
urn:mavedb:00000012-a-3#742,NA,NA,p.Arg59Gly,-4.660584211
urn:mavedb:00000012-a-3#743,NA,NA,p.Leu48Ter,-4.448978662
urn:mavedb:00000012-a-3#744,NA,NA,p.Leu60Gly,-5.143230438
urn:mavedb:00000012-a-3#745,NA,NA,p.Glu61Gly,0.708219051
urn:mavedb:00000012-a-3#746,NA,NA,p.Arg62Gly,-3.949073315
urn:mavedb:00000012-a-3#747,NA,NA,p.Glu64Gly,-5.666307449
urn:mavedb:00000012-a-3#748,NA,NA,p.Lys1His,-3.1088624
urn:mavedb:00000012-a-3#749,NA,NA,p.Leu2His,0.313521981
urn:mavedb:00000012-a-3#750,NA,NA,p.Leu3His,-1.76041007
urn:mavedb:00000012-a-3#751,NA,NA,p.Ser4His,-0.415913761
urn:mavedb:00000012-a-3#752,NA,NA,p.Ser5His,-0.698739007
urn:mavedb:00000012-a-3#753,NA,NA,p.Ile6His,-1.082830444
urn:mavedb:00000012-a-3#754,NA,NA,p.Thr49Ter,-11.26366901
urn:mavedb:00000012-a-3#755,NA,NA,p.Glu7His,-5.432719231
urn:mavedb:00000012-a-3#756,NA,NA,p.Gln8His,-0.813371222
urn:mavedb:00000012-a-3#757,NA,NA,p.Ala9His,-3.919163704
urn:mavedb:00000012-a-3#758,NA,NA,p.Cys10His,-11.39442539
urn:mavedb:00000012-a-3#759,NA,NA,p.Asp11His,-6.386973381
urn:mavedb:00000012-a-3#760,NA,NA,p.Ile12His,0.205507159
urn:mavedb:00000012-a-3#761,NA,NA,p.Cys13His,-13.27805996
urn:mavedb:00000012-a-3#762,NA,NA,p.Arg14His,-3.438628197
urn:mavedb:00000012-a-3#763,NA,NA,p.Leu15His,-0.842210208
urn:mavedb:00000012-a-3#764,NA,NA,p.Lys16His,-12.74783039
urn:mavedb:00000012-a-3#765,NA,NA,p.Ser5Ter,-12.04733658
urn:mavedb:00000012-a-3#766,NA,NA,p.Arg50Ter,-2.305956125
urn:mavedb:00000012-a-3#767,NA,NA,p.Lys17His,-2.643668413
urn:mavedb:00000012-a-3#768,NA,NA,p.Leu18His,1.933032036
urn:mavedb:00000012-a-3#769,NA,NA,p.Lys19His,-3.777277231
urn:mavedb:00000012-a-3#770,NA,NA,p.Cys20His,-10.98764515
urn:mavedb:00000012-a-3#771,NA,NA,p.Ser21His,-10.33956814
urn:mavedb:00000012-a-3#772,NA,NA,p.Lys22His,-1.24920845
urn:mavedb:00000012-a-3#773,NA,NA,p.Glu23His,0.397717237
urn:mavedb:00000012-a-3#774,NA,NA,p.Lys24His,0.324720383
urn:mavedb:00000012-a-3#775,NA,NA,p.Pro25His,-10.8259306
urn:mavedb:00000012-a-3#776,NA,NA,p.Lys26His,0.428618431
urn:mavedb:00000012-a-3#777,NA,NA,p.Ala51Ter,-4.965756893
urn:mavedb:00000012-a-3#778,NA,NA,p.Ala28His,-0.078627884
urn:mavedb:00000012-a-3#779,NA,NA,p.Lys29His,-5.621878624
urn:mavedb:00000012-a-3#780,NA,NA,p.Cys30His,-5.655769348
urn:mavedb:00000012-a-3#781,NA,NA,p.Leu31His,0.383782387
urn:mavedb:00000012-a-3#782,NA,NA,p.Lys32His,-0.182896852
urn:mavedb:00000012-a-3#783,NA,NA,p.Asn33His,-0.254873931
urn:mavedb:00000012-a-3#784,NA,NA,p.Asn34His,-0.453551263
urn:mavedb:00000012-a-3#785,NA,NA,p.Trp35His,0.143428922
urn:mavedb:00000012-a-3#786,NA,NA,p.Glu36His,0.051039279
urn:mavedb:00000012-a-3#787,NA,NA,p.Cys37His,-11.76874447
urn:mavedb:00000012-a-3#788,NA,NA,p.His52Ter,-3.983458519
urn:mavedb:00000012-a-3#789,NA,NA,p.Arg38His,0.135122299
urn:mavedb:00000012-a-3#790,NA,NA,p.Tyr39His,-3.869497061
urn:mavedb:00000012-a-3#791,NA,NA,p.Ser40His,-6.524085999
urn:mavedb:00000012-a-3#792,NA,NA,p.Pro41His,-3.35401988
urn:mavedb:00000012-a-3#793,NA,NA,p.Lys42His,-0.934866741
urn:mavedb:00000012-a-3#794,NA,NA,p.Lys44His,-0.603786126
urn:mavedb:00000012-a-3#795,NA,NA,p.Arg45His,-9.240909576
urn:mavedb:00000012-a-3#796,NA,NA,p.Ser46His,-11.52982998
urn:mavedb:00000012-a-3#797,NA,NA,p.Pro47His,-6.397506714
urn:mavedb:00000012-a-3#798,NA,NA,p.Leu48His,-9.790120125
urn:mavedb:00000012-a-3#799,NA,NA,p.Leu53Ter,-4.983356476
urn:mavedb:00000012-a-3#800,NA,NA,p.Thr49His,-4.531549931
urn:mavedb:00000012-a-3#801,NA,NA,p.Arg50His,-12.7070961
urn:mavedb:00000012-a-3#802,NA,NA,p.Ala51His,-0.708265737
urn:mavedb:00000012-a-3#803,NA,NA,p.Leu53His,-10.82197762
urn:mavedb:00000012-a-3#804,NA,NA,p.Thr54His,-1.509374738
urn:mavedb:00000012-a-3#805,NA,NA,p.Glu55His,-0.772644214
urn:mavedb:00000012-a-3#806,NA,NA,p.Val56His,-3.614948034
urn:mavedb:00000012-a-3#807,NA,NA,p.Glu57His,-3.402254343
urn:mavedb:00000012-a-3#808,NA,NA,p.Ser58His,0.570571661
urn:mavedb:00000012-a-3#809,NA,NA,p.Arg59His,-1.404167294
urn:mavedb:00000012-a-3#810,NA,NA,p.Thr54Ter,-5.589885235
urn:mavedb:00000012-a-3#811,NA,NA,p.Leu60His,-6.109362602
urn:mavedb:00000012-a-3#812,NA,NA,p.Glu61His,-0.072453797
urn:mavedb:00000012-a-3#813,NA,NA,p.Arg62His,-0.785150312
urn:mavedb:00000012-a-3#814,NA,NA,p.Leu63His,-10.48150539
urn:mavedb:00000012-a-3#815,NA,NA,p.Glu64His,-1.002927974
urn:mavedb:00000012-a-3#816,NA,NA,p.Lys1Ile,-5.523423672
urn:mavedb:00000012-a-3#817,NA,NA,p.Leu2Ile,-0.35477671
urn:mavedb:00000012-a-3#818,NA,NA,p.Leu3Ile,-0.610846162
urn:mavedb:00000012-a-3#819,NA,NA,p.Ser4Ile,0.1327371
urn:mavedb:00000012-a-3#820,NA,NA,p.Ser5Ile,-0.343817949
urn:mavedb:00000012-a-3#821,NA,NA,p.Glu55Ter,-3.73657465
urn:mavedb:00000012-a-3#822,NA,NA,p.Glu7Ile,-0.681434676
urn:mavedb:00000012-a-3#823,NA,NA,p.Gln8Ile,-2.772292376
urn:mavedb:00000012-a-3#824,NA,NA,p.Ala9Ile,-2.687262654
urn:mavedb:00000012-a-3#825,NA,NA,p.Cys10Ile,-11.18697262
urn:mavedb:00000012-a-3#826,NA,NA,p.Asp11Ile,-6.674846172
urn:mavedb:00000012-a-3#827,NA,NA,p.Cys13Ile,-4.164289236
urn:mavedb:00000012-a-3#828,NA,NA,p.Arg14Ile,-13.172328
urn:mavedb:00000012-a-3#829,NA,NA,p.Leu15Ile,-1.160017878
urn:mavedb:00000012-a-3#830,NA,NA,p.Lys16Ile,-12.57958317
urn:mavedb:00000012-a-3#831,NA,NA,p.Lys17Ile,-5.028292656
urn:mavedb:00000012-a-3#832,NA,NA,p.Val56Ter,-12.83823204
urn:mavedb:00000012-a-3#833,NA,NA,p.Leu18Ile,-3.746394396
urn:mavedb:00000012-a-3#834,NA,NA,p.Lys19Ile,-6.302391052
urn:mavedb:00000012-a-3#835,NA,NA,p.Cys20Ile,-4.35260582
urn:mavedb:00000012-a-3#836,NA,NA,p.Ser21Ile,-8.958934784
urn:mavedb:00000012-a-3#837,NA,NA,p.Lys22Ile,-11.65328026
urn:mavedb:00000012-a-3#838,NA,NA,p.Glu23Ile,-1.057883903
urn:mavedb:00000012-a-3#839,NA,NA,p.Lys24Ile,0.456022978
urn:mavedb:00000012-a-3#840,NA,NA,p.Pro25Ile,-2.975670099
urn:mavedb:00000012-a-3#841,NA,NA,p.Lys26Ile,0.819056392
urn:mavedb:00000012-a-3#842,NA,NA,p.Cys27Ile,-10.69694042
urn:mavedb:00000012-a-3#843,NA,NA,p.Glu57Ter,-4.802688122
urn:mavedb:00000012-a-3#844,NA,NA,p.Ala28Ile,-1.21470201
urn:mavedb:00000012-a-3#845,NA,NA,p.Lys29Ile,-5.277081966
urn:mavedb:00000012-a-3#846,NA,NA,p.Cys30Ile,-5.327415943
urn:mavedb:00000012-a-3#847,NA,NA,p.Leu31Ile,-0.171089172
urn:mavedb:00000012-a-3#848,NA,NA,p.Lys32Ile,-0.499755174
urn:mavedb:00000012-a-3#849,NA,NA,p.Asn33Ile,-9.425825119
urn:mavedb:00000012-a-3#850,NA,NA,p.Asn34Ile,0.365457535
urn:mavedb:00000012-a-3#851,NA,NA,p.Trp35Ile,0.641598344
urn:mavedb:00000012-a-3#852,NA,NA,p.Glu36Ile,-1.69871974
urn:mavedb:00000012-a-3#853,NA,NA,p.Cys37Ile,-13.26339912
urn:mavedb:00000012-a-3#854,NA,NA,p.Ser58Ter,-11.44174957
urn:mavedb:00000012-a-3#855,NA,NA,p.Arg38Ile,0.82584846
urn:mavedb:00000012-a-3#856,NA,NA,p.Tyr39Ile,-4.372251272
urn:mavedb:00000012-a-3#857,NA,NA,p.Ser40Ile,-4.142949343
urn:mavedb:00000012-a-3#858,NA,NA,p.Pro41Ile,-3.714019299
urn:mavedb:00000012-a-3#859,NA,NA,p.Lys42Ile,-0.990637526
urn:mavedb:00000012-a-3#860,NA,NA,p.Thr43Ile,0.561054468
urn:mavedb:00000012-a-3#861,NA,NA,p.Lys44Ile,0.377658486
urn:mavedb:00000012-a-3#862,NA,NA,p.Arg45Ile,-12.87218475
urn:mavedb:00000012-a-3#863,NA,NA,p.Ser46Ile,-12.0617733
urn:mavedb:00000012-a-3#864,NA,NA,p.Pro47Ile,-11.6303587
urn:mavedb:00000012-a-3#865,NA,NA,p.Arg59Ter,-3.976968527
urn:mavedb:00000012-a-3#866,NA,NA,p.Leu48Ile,-2.667376876
urn:mavedb:00000012-a-3#867,NA,NA,p.Thr49Ile,-5.108373642
urn:mavedb:00000012-a-3#868,NA,NA,p.Arg50Ile,-6.40998888
urn:mavedb:00000012-a-3#869,NA,NA,p.Ala51Ile,-0.154670477
urn:mavedb:00000012-a-3#870,NA,NA,p.His52Ile,-10.506814
urn:mavedb:00000012-a-3#871,NA,NA,p.Leu53Ile,-7.040037632
urn:mavedb:00000012-a-3#872,NA,NA,p.Thr54Ile,-2.735677004
urn:mavedb:00000012-a-3#873,NA,NA,p.Glu55Ile,-1.330895603
urn:mavedb:00000012-a-3#874,NA,NA,p.Val56Ile,-3.469838858
urn:mavedb:00000012-a-3#875,NA,NA,p.Glu57Ile,-12.81477642
urn:mavedb:00000012-a-3#876,NA,NA,p.Ile6Ter,-6.95149231
urn:mavedb:00000012-a-3#877,NA,NA,p.Leu60Ter,-4.670012951
urn:mavedb:00000012-a-3#878,NA,NA,p.Ser58Ile,0.874803424
urn:mavedb:00000012-a-3#879,NA,NA,p.Arg59Ile,-9.055839539
urn:mavedb:00000012-a-3#880,NA,NA,p.Leu60Ile,-0.697969705
urn:mavedb:00000012-a-3#881,NA,NA,p.Glu61Ile,-0.311378717
urn:mavedb:00000012-a-3#882,NA,NA,p.Arg62Ile,0.006541014
urn:mavedb:00000012-a-3#883,NA,NA,p.Leu63Ile,1.010650992
urn:mavedb:00000012-a-3#884,NA,NA,p.Glu64Ile,-0.595232725
urn:mavedb:00000012-a-3#885,NA,NA,p.Leu2Lys,-1.194259167
urn:mavedb:00000012-a-3#886,NA,NA,p.Leu3Lys,-12.03527355
urn:mavedb:00000012-a-3#887,NA,NA,p.Ser4Lys,-4.434523106
urn:mavedb:00000012-a-3#888,NA,NA,p.Glu61Ter,-4.43700242
urn:mavedb:00000012-a-3#889,NA,NA,p.Ser5Lys,-3.426744699
urn:mavedb:00000012-a-3#890,NA,NA,p.Ile6Lys,-2.670070529
urn:mavedb:00000012-a-3#891,NA,NA,p.Glu7Lys,-1.96615386
urn:mavedb:00000012-a-3#892,NA,NA,p.Gln8Lys,-1.110407233
urn:mavedb:00000012-a-3#893,NA,NA,p.Ala9Lys,-11.31227589
urn:mavedb:00000012-a-3#894,NA,NA,p.Cys10Lys,-4.708912849
urn:mavedb:00000012-a-3#895,NA,NA,p.Asp11Lys,-11.07923412
urn:mavedb:00000012-a-3#896,NA,NA,p.Ile12Lys,-0.950702012
urn:mavedb:00000012-a-3#897,NA,NA,p.Cys13Lys,-11.17818165
urn:mavedb:00000012-a-3#898,NA,NA,p.Arg14Lys,-1.124931574
urn:mavedb:00000012-a-3#899,NA,NA,p.Arg62Ter,-10.3241539
urn:mavedb:00000012-a-3#900,NA,NA,p.Leu15Lys,-1.63915354
urn:mavedb:00000012-a-3#901,NA,NA,p.Leu18Lys,-9.897238731
urn:mavedb:00000012-a-3#902,NA,NA,p.Cys20Lys,-4.783274651
urn:mavedb:00000012-a-3#903,NA,NA,p.Ser21Lys,-12.62667084
urn:mavedb:00000012-a-3#904,NA,NA,p.Glu23Lys,-0.232055902
urn:mavedb:00000012-a-3#905,NA,NA,p.Ala28Lys,-0.176059961
urn:mavedb:00000012-a-3#906,NA,NA,p.Cys30Lys,-11.85435295
urn:mavedb:00000012-a-3#907,NA,NA,p.Leu31Lys,0.862923145
urn:mavedb:00000012-a-3#908,NA,NA,p.Asn33Lys,-0.764706984
urn:mavedb:00000012-a-3#909,NA,NA,p.Asn34Lys,0.153842449
urn:mavedb:00000012-a-3#910,NA,NA,p.Leu63Ter,-6.568732262
urn:mavedb:00000012-a-3#911,NA,NA,p.Trp35Lys,-0.42484042
urn:mavedb:00000012-a-3#912,NA,NA,p.Glu36Lys,-0.112685204
urn:mavedb:00000012-a-3#913,NA,NA,p.Cys37Lys,-12.19083786
urn:mavedb:00000012-a-3#914,NA,NA,p.Arg38Lys,-0.770506606
urn:mavedb:00000012-a-3#915,NA,NA,p.Tyr39Lys,-13.58438778
urn:mavedb:00000012-a-3#916,NA,NA,p.Ser40Lys,-6.276156902
urn:mavedb:00000012-a-3#917,NA,NA,p.Pro41Lys,-1.91655767
urn:mavedb:00000012-a-3#918,NA,NA,p.Thr43Lys,-3.766542196
urn:mavedb:00000012-a-3#919,NA,NA,p.Arg45Lys,-2.363650441
urn:mavedb:00000012-a-3#920,NA,NA,p.Ser46Lys,-11.15287876
urn:mavedb:00000012-a-3#921,NA,NA,p.Glu64Ter,-6.10979557
urn:mavedb:00000012-a-3#922,NA,NA,p.Pro47Lys,-2.210273862
urn:mavedb:00000012-a-3#923,NA,NA,p.Leu48Lys,-3.641433477
urn:mavedb:00000012-a-3#924,NA,NA,p.Thr49Lys,-9.302852631
urn:mavedb:00000012-a-3#925,NA,NA,p.Arg50Lys,-11.39560795
urn:mavedb:00000012-a-3#926,NA,NA,p.Ala51Lys,-0.670835033
urn:mavedb:00000012-a-3#927,NA,NA,p.His52Lys,-4.86702013
urn:mavedb:00000012-a-3#928,NA,NA,p.Leu53Lys,-5.443227291
urn:mavedb:00000012-a-3#929,NA,NA,p.Thr54Lys,-4.344510317
urn:mavedb:00000012-a-3#930,NA,NA,p.Glu55Lys,-0.977098599
urn:mavedb:00000012-a-3#931,NA,NA,p.Val56Lys,-11.45012093
urn:mavedb:00000012-a-3#932,NA,NA,p.Lys1del,0.495384932
urn:mavedb:00000012-a-3#933,NA,NA,p.Glu57Lys,-7.130630016
urn:mavedb:00000012-a-3#934,NA,NA,p.Ser58Lys,-1.415228724
urn:mavedb:00000012-a-3#935,NA,NA,p.Arg59Lys,-1.141563118
urn:mavedb:00000012-a-3#936,NA,NA,p.Leu60Lys,-1.561515212
urn:mavedb:00000012-a-3#937,NA,NA,p.Glu61Lys,-1.12612474
urn:mavedb:00000012-a-3#938,NA,NA,p.Arg62Lys,-1.586916447
urn:mavedb:00000012-a-3#939,NA,NA,p.Leu63Lys,-11.89389515
urn:mavedb:00000012-a-3#940,NA,NA,p.Glu64Lys,-1.121117383
urn:mavedb:00000012-a-3#941,NA,NA,p.Lys1Leu,-0.033112943
urn:mavedb:00000012-a-3#942,NA,NA,p.Ser4Leu,0.700778484
urn:mavedb:00000012-a-3#943,NA,NA,p.Leu2del,-4.010006428
urn:mavedb:00000012-a-3#944,NA,NA,p.Ser5Leu,0.020224035
urn:mavedb:00000012-a-3#945,NA,NA,p.Ile6Leu,-0.00993818
urn:mavedb:00000012-a-3#946,NA,NA,p.Glu7Leu,-0.616851702
urn:mavedb:00000012-a-3#947,NA,NA,p.Gln8Leu,-0.43083021
urn:mavedb:00000012-a-3#948,NA,NA,p.Ala9Leu,-11.97563648
urn:mavedb:00000012-a-3#949,NA,NA,p.Cys10Leu,-12.93798447
urn:mavedb:00000012-a-3#950,NA,NA,p.Asp11Leu,-5.619224548
urn:mavedb:00000012-a-3#951,NA,NA,p.Ile12Leu,-1.282680333
urn:mavedb:00000012-a-3#952,NA,NA,p.Cys13Leu,-4.452887535
urn:mavedb:00000012-a-3#953,NA,NA,p.Arg14Leu,-4.951182365
urn:mavedb:00000012-a-3#954,NA,NA,p.Leu3del,-2.597531438
urn:mavedb:00000012-a-3#955,NA,NA,p.Lys16Leu,-11.08082771
urn:mavedb:00000012-a-3#956,NA,NA,p.Lys17Leu,-7.114819527
urn:mavedb:00000012-a-3#957,NA,NA,p.Lys19Leu,-4.603888035
urn:mavedb:00000012-a-3#958,NA,NA,p.Cys20Leu,-4.573518276
urn:mavedb:00000012-a-3#959,NA,NA,p.Ser21Leu,-11.33833885
urn:mavedb:00000012-a-3#960,NA,NA,p.Lys22Leu,-4.810297251
urn:mavedb:00000012-a-3#961,NA,NA,p.Glu23Leu,-1.275966704
urn:mavedb:00000012-a-3#962,NA,NA,p.Lys24Leu,-0.785815768
urn:mavedb:00000012-a-3#963,NA,NA,p.Pro25Leu,-4.777509451
urn:mavedb:00000012-a-3#964,NA,NA,p.Lys26Leu,0.266799927
urn:mavedb:00000012-a-3#965,NA,NA,p.Ser4del,-0.522852212
urn:mavedb:00000012-a-3#966,NA,NA,p.Cys27Leu,-12.06975842
urn:mavedb:00000012-a-3#967,NA,NA,p.Ala28Leu,-0.84196929
urn:mavedb:00000012-a-3#968,NA,NA,p.Lys29Leu,-1.548577726
urn:mavedb:00000012-a-3#969,NA,NA,p.Cys30Leu,-12.2205019
urn:mavedb:00000012-a-3#970,NA,NA,p.Lys32Leu,-0.89753956
urn:mavedb:00000012-a-3#971,NA,NA,p.Asn33Leu,0.064451754
urn:mavedb:00000012-a-3#972,NA,NA,p.Asn34Leu,0.199147224
urn:mavedb:00000012-a-3#973,NA,NA,p.Trp35Leu,0.459718227
urn:mavedb:00000012-a-3#974,NA,NA,p.Glu36Leu,-0.135875463
urn:mavedb:00000012-a-3#975,NA,NA,p.Cys37Leu,-13.78868485
urn:mavedb:00000012-a-3#976,NA,NA,p.Ile6del,-0.541404903
urn:mavedb:00000012-a-3#977,NA,NA,p.Arg38Leu,0.902508259
urn:mavedb:00000012-a-3#978,NA,NA,p.Tyr39Leu,-4.976371765
urn:mavedb:00000012-a-3#979,NA,NA,p.Ser40Leu,-3.115964651
urn:mavedb:00000012-a-3#980,NA,NA,p.Pro41Leu,-4.794479609
urn:mavedb:00000012-a-3#981,NA,NA,p.Lys42Leu,-0.198961616
urn:mavedb:00000012-a-3#982,NA,NA,p.Thr43Leu,-0.021824181
urn:mavedb:00000012-a-3#983,NA,NA,p.Lys44Leu,0.719436288
urn:mavedb:00000012-a-3#984,NA,NA,p.Arg45Leu,-6.045346737
urn:mavedb:00000012-a-3#985,NA,NA,p.Ser46Leu,-8.825345993
urn:mavedb:00000012-a-3#986,NA,NA,p.Pro47Leu,-14.06112099
urn:mavedb:00000012-a-3#987,NA,NA,p.Glu7Ter,-5.510317802
urn:mavedb:00000012-a-3#988,NA,NA,p.Glu7del,-1.316021115
urn:mavedb:00000012-a-3#989,NA,NA,p.Thr49Leu,-5.982652664
urn:mavedb:00000012-a-3#990,NA,NA,p.Arg50Leu,-3.376075268
urn:mavedb:00000012-a-3#991,NA,NA,p.Ala51Leu,-0.166081309
urn:mavedb:00000012-a-3#992,NA,NA,p.His52Leu,-4.191382885
urn:mavedb:00000012-a-3#993,NA,NA,p.Thr54Leu,-3.377791405
urn:mavedb:00000012-a-3#994,NA,NA,p.Glu55Leu,-0.85492344
urn:mavedb:00000012-a-3#995,NA,NA,p.Val56Leu,-1.07060723
urn:mavedb:00000012-a-3#996,NA,NA,p.Glu57Leu,-13.37701893
urn:mavedb:00000012-a-3#997,NA,NA,p.Ser58Leu,-0.337061942
urn:mavedb:00000012-a-3#998,NA,NA,p.Arg59Leu,-5.07065773
urn:mavedb:00000012-a-3#999,NA,NA,p.Gln8del,-6.979598522
urn:mavedb:00000012-a-3#1000,NA,NA,p.Glu61Leu,0.408074737
urn:mavedb:00000012-a-3#1001,NA,NA,p.Arg62Leu,-0.215186
urn:mavedb:00000012-a-3#1002,NA,NA,p.Glu64Leu,-1.29428044
urn:mavedb:00000012-a-3#1003,NA,NA,p.Lys1Met,0.492128611
urn:mavedb:00000012-a-3#1004,NA,NA,p.Leu2Met,0.377733231
urn:mavedb:00000012-a-3#1005,NA,NA,p.Leu3Met,-0.434470385
urn:mavedb:00000012-a-3#1006,NA,NA,p.Ser4Met,0.263974428
urn:mavedb:00000012-a-3#1007,NA,NA,p.Ser5Met,-0.249960601
urn:mavedb:00000012-a-3#1008,NA,NA,p.Ile6Met,0.597342134
urn:mavedb:00000012-a-3#1009,NA,NA,p.Glu7Met,-2.083521366
urn:mavedb:00000012-a-3#1010,NA,NA,p.Ala9del,-12.33587646
urn:mavedb:00000012-a-3#1011,NA,NA,p.Gln8Met,-0.777170874
urn:mavedb:00000012-a-3#1012,NA,NA,p.Ala9Met,-12.01425648
urn:mavedb:00000012-a-3#1013,NA,NA,p.Cys10Met,-5.216061115
urn:mavedb:00000012-a-3#1014,NA,NA,p.Asp11Met,-5.019176006
urn:mavedb:00000012-a-3#1015,NA,NA,p.Ile12Met,-2.015171647
urn:mavedb:00000012-a-3#1016,NA,NA,p.Cys13Met,-7.136190414
urn:mavedb:00000012-a-3#1017,NA,NA,p.Arg14Met,-9.630036354
urn:mavedb:00000012-a-3#1018,NA,NA,p.Leu15Met,-0.32444489
urn:mavedb:00000012-a-3#1019,NA,NA,p.Lys16Met,-12.78665829
urn:mavedb:00000012-a-3#1020,NA,NA,p.Lys17Met,-13.32900715
urn:mavedb:00000012-a-3#1021,NA,NA,p.Asp11del,-11.4026823
urn:mavedb:00000012-a-3#1022,NA,NA,p.Leu18Met,0.95765543
urn:mavedb:00000012-a-3#1023,NA,NA,p.Lys19Met,-13.66523933
urn:mavedb:00000012-a-3#1024,NA,NA,p.Cys20Met,-3.767369986
urn:mavedb:00000012-a-3#1025,NA,NA,p.Lys22Met,-3.111186504
urn:mavedb:00000012-a-3#1026,NA,NA,p.Glu23Met,-0.023106694
urn:mavedb:00000012-a-3#1027,NA,NA,p.Lys24Met,0.073747933
urn:mavedb:00000012-a-3#1028,NA,NA,p.Pro25Met,-5.20389986
urn:mavedb:00000012-a-3#1029,NA,NA,p.Lys26Met,0.15054816
urn:mavedb:00000012-a-3#1030,NA,NA,p.Cys27Met,-9.758440971
urn:mavedb:00000012-a-3#1031,NA,NA,p.Ala28Met,-0.596125424
urn:mavedb:00000012-a-3#1032,NA,NA,p.Ile12del,-12.18378258
urn:mavedb:00000012-a-3#1033,NA,NA,p.Lys29Met,-4.131474972
urn:mavedb:00000012-a-3#1034,NA,NA,p.Cys30Met,-4.743291855
urn:mavedb:00000012-a-3#1035,NA,NA,p.Leu31Met,0.203446388
urn:mavedb:00000012-a-3#1036,NA,NA,p.Lys32Met,0.211665154
urn:mavedb:00000012-a-3#1037,NA,NA,p.Asn33Met,-1.324276745
urn:mavedb:00000012-a-3#1038,NA,NA,p.Asn34Met,0.207321763
urn:mavedb:00000012-a-3#1039,NA,NA,p.Trp35Met,0.021571875
urn:mavedb:00000012-a-3#1040,NA,NA,p.Glu36Met,-0.310843527
urn:mavedb:00000012-a-3#1041,NA,NA,p.Cys37Met,-6.694779873
urn:mavedb:00000012-a-3#1042,NA,NA,p.Arg38Met,1.172853708
urn:mavedb:00000012-a-3#1043,NA,NA,p.Cys13del,-10.43323421
urn:mavedb:00000012-a-3#1044,NA,NA,p.Tyr39Met,-4.431957483
urn:mavedb:00000012-a-3#1045,NA,NA,p.Ser40Met,-3.078055859
urn:mavedb:00000012-a-3#1046,NA,NA,p.Pro41Met,-2.769600153
urn:mavedb:00000012-a-3#1047,NA,NA,p.Lys42Met,-0.08113277
urn:mavedb:00000012-a-3#1048,NA,NA,p.Thr43Met,-0.602135733
urn:mavedb:00000012-a-3#1049,NA,NA,p.Lys44Met,-0.013473511
urn:mavedb:00000012-a-3#1050,NA,NA,p.Arg45Met,-6.346522331
urn:mavedb:00000012-a-3#1051,NA,NA,p.Ser46Met,-4.552327394
urn:mavedb:00000012-a-3#1052,NA,NA,p.Pro47Met,-4.889278889
urn:mavedb:00000012-a-3#1053,NA,NA,p.Leu48Met,-4.446848631
urn:mavedb:00000012-a-3#1054,NA,NA,p.Arg14del,-11.90991497
urn:mavedb:00000012-a-3#1055,NA,NA,p.Thr49Met,-3.342032909
urn:mavedb:00000012-a-3#1056,NA,NA,p.Arg50Met,-5.109287262
urn:mavedb:00000012-a-3#1057,NA,NA,p.Ala51Met,-0.328864753
urn:mavedb:00000012-a-3#1058,NA,NA,p.His52Met,-8.79121685
urn:mavedb:00000012-a-3#1059,NA,NA,p.Leu53Met,0.300041318
urn:mavedb:00000012-a-3#1060,NA,NA,p.Thr54Met,-2.078852177
urn:mavedb:00000012-a-3#1061,NA,NA,p.Glu55Met,0.360506296
urn:mavedb:00000012-a-3#1062,NA,NA,p.Val56Met,-2.431060314
urn:mavedb:00000012-a-3#1063,NA,NA,p.Glu57Met,-13.32861996
urn:mavedb:00000012-a-3#1064,NA,NA,p.Ser58Met,-0.129232705
urn:mavedb:00000012-a-3#1065,NA,NA,p.Leu15del,-5.76554966
urn:mavedb:00000012-a-3#1066,NA,NA,p.Arg59Met,-3.169772148
urn:mavedb:00000012-a-3#1067,NA,NA,p.Leu60Met,-0.029069901
urn:mavedb:00000012-a-3#1068,NA,NA,p.Glu61Met,0.119370222
urn:mavedb:00000012-a-3#1069,NA,NA,p.Arg62Met,0.749768019
urn:mavedb:00000012-a-3#1070,NA,NA,p.Leu63Met,0.140949011
urn:mavedb:00000012-a-3#1071,NA,NA,p.Glu64Met,0.010165572
urn:mavedb:00000012-a-3#1072,NA,NA,p.Lys1Asn,1.075491548
urn:mavedb:00000012-a-3#1073,NA,NA,p.Leu2Asn,0.054775059
urn:mavedb:00000012-a-3#1074,NA,NA,p.Leu3Asn,-1.367806733
urn:mavedb:00000012-a-3#1075,NA,NA,p.Ser4Asn,-2.622255802
urn:mavedb:00000012-a-3#1076,NA,NA,p.Lys16del,-12.07234955
urn:mavedb:00000012-a-3#1077,NA,NA,p.Ser5Asn,-2.159164667
urn:mavedb:00000012-a-3#1078,NA,NA,p.Ile6Asn,-1.1461927
urn:mavedb:00000012-a-3#1079,NA,NA,p.Glu7Asn,-1.325647205
urn:mavedb:00000012-a-3#1080,NA,NA,p.Gln8Asn,-0.256573319
urn:mavedb:00000012-a-3#1081,NA,NA,p.Ala9Asn,-8.753991127
urn:mavedb:00000012-a-3#1082,NA,NA,p.Cys10Asn,-4.277998209
urn:mavedb:00000012-a-3#1083,NA,NA,p.Asp11Asn,-3.454460144
urn:mavedb:00000012-a-3#1084,NA,NA,p.Ile12Asn,-2.708646894
urn:mavedb:00000012-a-3#1085,NA,NA,p.Cys13Asn,-9.740868568
urn:mavedb:00000012-a-3#1086,NA,NA,p.Arg14Asn,-7.881929398
urn:mavedb:00000012-a-3#1087,NA,NA,p.Lys17del,-13.62213135
urn:mavedb:00000012-a-3#1088,NA,NA,p.Leu15Asn,-0.431198061
urn:mavedb:00000012-a-3#1089,NA,NA,p.Lys16Asn,-4.290277958
urn:mavedb:00000012-a-3#1090,NA,NA,p.Lys17Asn,-3.954794168
urn:mavedb:00000012-a-3#1091,NA,NA,p.Leu18Asn,0.424739361
urn:mavedb:00000012-a-3#1092,NA,NA,p.Lys19Asn,-4.544075012
urn:mavedb:00000012-a-3#1093,NA,NA,p.Cys20Asn,-10.60280705
urn:mavedb:00000012-a-3#1094,NA,NA,p.Ser21Asn,-2.04462862
urn:mavedb:00000012-a-3#1095,NA,NA,p.Lys22Asn,-4.257629395
urn:mavedb:00000012-a-3#1096,NA,NA,p.Glu23Asn,0.294727802
urn:mavedb:00000012-a-3#1097,NA,NA,p.Lys24Asn,0.842715263
urn:mavedb:00000012-a-3#1098,NA,NA,p.Gln8Ter,-7.287947178
urn:mavedb:00000012-a-3#1099,NA,NA,p.Leu18del,-9.382546425
urn:mavedb:00000012-a-3#1100,NA,NA,p.Pro25Asn,-2.699252009
urn:mavedb:00000012-a-3#1101,NA,NA,p.Lys26Asn,1.17007041
urn:mavedb:00000012-a-3#1102,NA,NA,p.Cys27Asn,-12.16783714
urn:mavedb:00000012-a-3#1103,NA,NA,p.Ala28Asn,-0.359265119
urn:mavedb:00000012-a-3#1104,NA,NA,p.Lys29Asn,-3.10804677
urn:mavedb:00000012-a-3#1105,NA,NA,p.Cys30Asn,-4.389554024
urn:mavedb:00000012-a-3#1106,NA,NA,p.Leu31Asn,0.491032958
urn:mavedb:00000012-a-3#1107,NA,NA,p.Lys32Asn,-0.285257638
urn:mavedb:00000012-a-3#1108,NA,NA,p.Trp35Asn,0.495497227
urn:mavedb:00000012-a-3#1109,NA,NA,p.Glu36Asn,0.552878499
urn:mavedb:00000012-a-3#1110,NA,NA,p.Lys19del,-12.45636749
urn:mavedb:00000012-a-3#1111,NA,NA,p.Cys37Asn,-12.65422726
urn:mavedb:00000012-a-3#1112,NA,NA,p.Arg38Asn,1.220677614
urn:mavedb:00000012-a-3#1113,NA,NA,p.Tyr39Asn,-12.16182613
urn:mavedb:00000012-a-3#1114,NA,NA,p.Ser40Asn,-4.532222748
urn:mavedb:00000012-a-3#1115,NA,NA,p.Pro41Asn,-3.194573164
urn:mavedb:00000012-a-3#1116,NA,NA,p.Lys42Asn,-2.012914419
urn:mavedb:00000012-a-3#1117,NA,NA,p.Thr43Asn,-1.140810162
urn:mavedb:00000012-a-3#1118,NA,NA,p.Lys44Asn,-0.692827955
urn:mavedb:00000012-a-3#1119,NA,NA,p.Arg45Asn,-11.04276562
urn:mavedb:00000012-a-3#1120,NA,NA,p.Ser46Asn,-11.81963062
urn:mavedb:00000012-a-3#1121,NA,NA,p.Cys20del,-5.287150383
urn:mavedb:00000012-a-3#1122,NA,NA,p.Pro47Asn,-11.92483711
urn:mavedb:00000012-a-3#1123,NA,NA,p.Leu48Asn,-11.64644432
urn:mavedb:00000012-a-3#1124,NA,NA,p.Thr49Asn,-12.50798988
urn:mavedb:00000012-a-3#1125,NA,NA,p.Arg50Asn,-12.35818768
urn:mavedb:00000012-a-3#1126,NA,NA,p.Ala51Asn,0.375551105
urn:mavedb:00000012-a-3#1127,NA,NA,p.His52Asn,-2.672801852
urn:mavedb:00000012-a-3#1128,NA,NA,p.Leu53Asn,-11.55597878
urn:mavedb:00000012-a-3#1129,NA,NA,p.Thr54Asn,-1.268357664
urn:mavedb:00000012-a-3#1130,NA,NA,p.Glu55Asn,-0.112446547
urn:mavedb:00000012-a-3#1131,NA,NA,p.Val56Asn,-11.52956104
urn:mavedb:00000012-a-3#1132,NA,NA,p.Ser21del,-5.208910465
urn:mavedb:00000012-a-3#1133,NA,NA,p.Glu57Asn,-12.49218559
urn:mavedb:00000012-a-3#1134,NA,NA,p.Ser58Asn,-0.283780932
urn:mavedb:00000012-a-3#1135,NA,NA,p.Arg59Asn,-0.988431424
urn:mavedb:00000012-a-3#1136,NA,NA,p.Leu60Asn,-1.341429114
urn:mavedb:00000012-a-3#1137,NA,NA,p.Glu61Asn,-0.914145462
urn:mavedb:00000012-a-3#1138,NA,NA,p.Arg62Asn,-1.954671144
urn:mavedb:00000012-a-3#1139,NA,NA,p.Leu63Asn,-7.243659496
urn:mavedb:00000012-a-3#1140,NA,NA,p.Glu64Asn,-3.330219984
urn:mavedb:00000012-a-3#1141,NA,NA,p.Lys1Pro,0.916629791
urn:mavedb:00000012-a-3#1142,NA,NA,p.Leu2Pro,0.401720047
urn:mavedb:00000012-a-3#1143,NA,NA,p.Lys22del,-9.077352524
urn:mavedb:00000012-a-3#1144,NA,NA,p.Leu3Pro,-3.473610163
urn:mavedb:00000012-a-3#1145,NA,NA,p.Ser4Pro,-0.826167179
urn:mavedb:00000012-a-3#1146,NA,NA,p.Ser5Pro,-1.861418009
urn:mavedb:00000012-a-3#1147,NA,NA,p.Ile6Pro,-0.9508949
urn:mavedb:00000012-a-3#1148,NA,NA,p.Glu7Pro,-1.418204308
urn:mavedb:00000012-a-3#1149,NA,NA,p.Gln8Pro,-1.29145205
urn:mavedb:00000012-a-3#1150,NA,NA,p.Ala9Pro,-8.154793739
urn:mavedb:00000012-a-3#1151,NA,NA,p.Cys10Pro,-12.42094612
urn:mavedb:00000012-a-3#1152,NA,NA,p.Asp11Pro,-12.52200031
urn:mavedb:00000012-a-3#1153,NA,NA,p.Ile12Pro,-0.267857552
urn:mavedb:00000012-a-3#1154,NA,NA,p.Glu23del,-9.133054733
urn:mavedb:00000012-a-3#1155,NA,NA,p.Cys13Pro,-12.3858223
urn:mavedb:00000012-a-3#1156,NA,NA,p.Arg14Pro,-4.479399204
urn:mavedb:00000012-a-3#1157,NA,NA,p.Leu15Pro,-13.06679249
urn:mavedb:00000012-a-3#1158,NA,NA,p.Lys16Pro,-11.81786728
urn:mavedb:00000012-a-3#1159,NA,NA,p.Lys17Pro,-14.19075298
urn:mavedb:00000012-a-3#1160,NA,NA,p.Leu18Pro,-3.606085539
urn:mavedb:00000012-a-3#1161,NA,NA,p.Lys19Pro,-4.082989216
urn:mavedb:00000012-a-3#1162,NA,NA,p.Cys20Pro,-10.56090641
urn:mavedb:00000012-a-3#1163,NA,NA,p.Ser21Pro,-1.753934979
urn:mavedb:00000012-a-3#1164,NA,NA,p.Lys22Pro,-5.594703197
urn:mavedb:00000012-a-3#1165,NA,NA,p.Lys24del,0.673618197
urn:mavedb:00000012-a-3#1166,NA,NA,p.Glu23Pro,-5.918928623
urn:mavedb:00000012-a-3#1167,NA,NA,p.Lys24Pro,-1.92399776
urn:mavedb:00000012-a-3#1168,NA,NA,p.Lys26Pro,-8.918079376
urn:mavedb:00000012-a-3#1169,NA,NA,p.Cys27Pro,-5.117600441
urn:mavedb:00000012-a-3#1170,NA,NA,p.Ala28Pro,-12.12177658
urn:mavedb:00000012-a-3#1171,NA,NA,p.Lys29Pro,-6.79831171
urn:mavedb:00000012-a-3#1172,NA,NA,p.Cys30Pro,-11.43288803
urn:mavedb:00000012-a-3#1173,NA,NA,p.Leu31Pro,-6.791790962
urn:mavedb:00000012-a-3#1174,NA,NA,p.Lys32Pro,-6.506025314
urn:mavedb:00000012-a-3#1175,NA,NA,p.Asn33Pro,-13.49453259
urn:mavedb:00000012-a-3#1176,NA,NA,p.Pro25del,-3.96408391
urn:mavedb:00000012-a-3#1177,NA,NA,p.Asn34Pro,-12.06827641
urn:mavedb:00000012-a-3#1178,NA,NA,p.Trp35Pro,-5.622423172
urn:mavedb:00000012-a-3#1179,NA,NA,p.Glu36Pro,0.08662194
urn:mavedb:00000012-a-3#1180,NA,NA,p.Cys37Pro,-11.50237465
urn:mavedb:00000012-a-3#1181,NA,NA,p.Arg38Pro,-4.611577272
urn:mavedb:00000012-a-3#1182,NA,NA,p.Tyr39Pro,-11.06493568
urn:mavedb:00000012-a-3#1183,NA,NA,p.Ser40Pro,-12.54015923
urn:mavedb:00000012-a-3#1184,NA,NA,p.Lys42Pro,1.162907124
urn:mavedb:00000012-a-3#1185,NA,NA,p.Lys44Pro,0.095614314
urn:mavedb:00000012-a-3#1186,NA,NA,p.Arg45Pro,-8.155534267
urn:mavedb:00000012-a-3#1187,NA,NA,p.Lys26del,-0.547260612
urn:mavedb:00000012-a-3#1188,NA,NA,p.Ser46Pro,-0.603505939
urn:mavedb:00000012-a-3#1189,NA,NA,p.Leu48Pro,-5.774472237
urn:mavedb:00000012-a-3#1190,NA,NA,p.Thr49Pro,-12.53171349
urn:mavedb:00000012-a-3#1191,NA,NA,p.Arg50Pro,-9.885726929
urn:mavedb:00000012-a-3#1192,NA,NA,p.Ala51Pro,-12.9220705
urn:mavedb:00000012-a-3#1193,NA,NA,p.His52Pro,-12.53708172
urn:mavedb:00000012-a-3#1194,NA,NA,p.Leu53Pro,-5.045977592
urn:mavedb:00000012-a-3#1195,NA,NA,p.Thr54Pro,-5.095001698
urn:mavedb:00000012-a-3#1196,NA,NA,p.Glu55Pro,-12.79754639
urn:mavedb:00000012-a-3#1197,NA,NA,p.Val56Pro,-10.49935341
urn:mavedb:00000012-a-3#1198,NA,NA,p.Cys27del,-11.13599682
urn:mavedb:00000012-a-3#1199,NA,NA,p.Glu57Pro,-3.29584074
urn:mavedb:00000012-a-3#1200,NA,NA,p.Ser58Pro,-5.414162636
urn:mavedb:00000012-a-3#1201,NA,NA,p.Arg59Pro,-9.415480614
urn:mavedb:00000012-a-3#1202,NA,NA,p.Leu60Pro,-9.814776421
urn:mavedb:00000012-a-3#1203,NA,NA,p.Glu61Pro,-10.51235771
urn:mavedb:00000012-a-3#1204,NA,NA,p.Arg62Pro,-2.536591411
urn:mavedb:00000012-a-3#1205,NA,NA,p.Leu63Pro,-10.76394558
urn:mavedb:00000012-a-3#1206,NA,NA,p.Glu64Pro,-4.308882713
urn:mavedb:00000012-a-3#1207,NA,NA,p.Leu2Gln,0.499872327
urn:mavedb:00000012-a-3#1208,NA,NA,p.Leu3Gln,-3.422553539
urn:mavedb:00000012-a-3#1209,NA,NA,p.Ala9Ter,-5.753308773
urn:mavedb:00000012-a-3#1210,NA,NA,p.Ala28del,-10.15007973
urn:mavedb:00000012-a-3#1211,NA,NA,p.Ser4Gln,-1.041181341
urn:mavedb:00000012-a-3#1212,NA,NA,p.Ser5Gln,-2.11589694
urn:mavedb:00000012-a-3#1213,NA,NA,p.Ile6Gln,0.154950261
urn:mavedb:00000012-a-3#1214,NA,NA,p.Glu7Gln,-1.561654329
urn:mavedb:00000012-a-3#1215,NA,NA,p.Ala9Gln,-4.258966684
urn:mavedb:00000012-a-3#1216,NA,NA,p.Asp11Gln,-1.573304176
urn:mavedb:00000012-a-3#1217,NA,NA,p.Ile12Gln,-0.502266109
urn:mavedb:00000012-a-3#1218,NA,NA,p.Cys13Gln,-13.02250862
urn:mavedb:00000012-a-3#1219,NA,NA,p.Arg14Gln,-4.555785179
urn:mavedb:00000012-a-3#1220,NA,NA,p.Leu15Gln,-2.776038051
urn:mavedb:00000012-a-3#1221,NA,NA,p.Lys29del,-5.729566097
urn:mavedb:00000012-a-3#1222,NA,NA,p.Lys16Gln,-11.45948124
urn:mavedb:00000012-a-3#1223,NA,NA,p.Lys17Gln,-4.372844219
urn:mavedb:00000012-a-3#1224,NA,NA,p.Leu18Gln,-2.284912586
urn:mavedb:00000012-a-3#1225,NA,NA,p.Lys19Gln,-4.006182194
urn:mavedb:00000012-a-3#1226,NA,NA,p.Cys20Gln,-5.863405228
urn:mavedb:00000012-a-3#1227,NA,NA,p.Ser21Gln,-11.33217525
urn:mavedb:00000012-a-3#1228,NA,NA,p.Lys22Gln,-3.369084597
urn:mavedb:00000012-a-3#1229,NA,NA,p.Glu23Gln,0.41626358
urn:mavedb:00000012-a-3#1230,NA,NA,p.Lys24Gln,0.344273448
urn:mavedb:00000012-a-3#1231,NA,NA,p.Pro25Gln,-4.03411293
urn:mavedb:00000012-a-3#1232,NA,NA,p.Cys30del,-5.135640621
urn:mavedb:00000012-a-3#1233,NA,NA,p.Lys26Gln,0.682515025
urn:mavedb:00000012-a-3#1234,NA,NA,p.Cys27Gln,-10.95452881
urn:mavedb:00000012-a-3#1235,NA,NA,p.Ala28Gln,0.364581227
urn:mavedb:00000012-a-3#1236,NA,NA,p.Lys29Gln,-2.458943367
urn:mavedb:00000012-a-3#1237,NA,NA,p.Cys30Gln,-11.39571476
urn:mavedb:00000012-a-3#1238,NA,NA,p.Leu31Gln,-0.604546309
urn:mavedb:00000012-a-3#1239,NA,NA,p.Lys32Gln,-0.286202669
urn:mavedb:00000012-a-3#1240,NA,NA,p.Asn33Gln,0.005987883
urn:mavedb:00000012-a-3#1241,NA,NA,p.Asn34Gln,0.531339884
urn:mavedb:00000012-a-3#1242,NA,NA,p.Trp35Gln,0.426335335
urn:mavedb:00000012-a-3#1243,NA,NA,p.Leu31del,-11.93473434
urn:mavedb:00000012-a-3#1244,NA,NA,p.Glu36Gln,-1.543472886
urn:mavedb:00000012-a-3#1245,NA,NA,p.Cys37Gln,-3.061816454
urn:mavedb:00000012-a-3#1246,NA,NA,p.Arg38Gln,-0.298323214
urn:mavedb:00000012-a-3#1247,NA,NA,p.Tyr39Gln,-3.465719938
urn:mavedb:00000012-a-3#1248,NA,NA,p.Ser40Gln,-3.417309284
urn:mavedb:00000012-a-3#1249,NA,NA,p.Pro41Gln,-1.352582693
urn:mavedb:00000012-a-3#1250,NA,NA,p.Lys42Gln,-0.13918519
urn:mavedb:00000012-a-3#1251,NA,NA,p.Lys44Gln,1.138544321
urn:mavedb:00000012-a-3#1252,NA,NA,p.Arg45Gln,-2.518754959
urn:mavedb:00000012-a-3#1253,NA,NA,p.Ser46Gln,-11.51249313
urn:mavedb:00000012-a-3#1254,NA,NA,p.Lys32del,-10.41580677
urn:mavedb:00000012-a-3#1255,NA,NA,p.Pro47Gln,-5.176865101
urn:mavedb:00000012-a-3#1256,NA,NA,p.Leu48Gln,-6.369209766
urn:mavedb:00000012-a-3#1257,NA,NA,p.Thr49Gln,-3.821727037
urn:mavedb:00000012-a-3#1258,NA,NA,p.Arg50Gln,-4.67852807
urn:mavedb:00000012-a-3#1259,NA,NA,p.Ala51Gln,-0.047824681
urn:mavedb:00000012-a-3#1260,NA,NA,p.His52Gln,-4.521212339
urn:mavedb:00000012-a-3#1261,NA,NA,p.Leu53Gln,-11.41541862
urn:mavedb:00000012-a-3#1262,NA,NA,p.Thr54Gln,-0.62201798
urn:mavedb:00000012-a-3#1263,NA,NA,p.Glu55Gln,-0.72834228
urn:mavedb:00000012-a-3#1264,NA,NA,p.Glu57Gln,-3.821535349
urn:mavedb:00000012-a-3#1265,NA,NA,p.Asn33del,-7.564574718
urn:mavedb:00000012-a-3#1266,NA,NA,p.Ser58Gln,0.216164351
urn:mavedb:00000012-a-3#1267,NA,NA,p.Arg59Gln,-0.126945138
urn:mavedb:00000012-a-3#1268,NA,NA,p.Leu60Gln,-5.424984932
urn:mavedb:00000012-a-3#1269,NA,NA,p.Glu61Gln,-0.35425356
urn:mavedb:00000012-a-3#1270,NA,NA,p.Arg62Gln,0.282693744
urn:mavedb:00000012-a-3#1271,NA,NA,p.Leu63Gln,-12.44584656
urn:mavedb:00000012-a-3#1272,NA,NA,p.Glu64Gln,0.477976561
urn:mavedb:00000012-a-3#1273,NA,NA,p.Lys1Arg,-0.432892472
urn:mavedb:00000012-a-3#1274,NA,NA,p.Leu2Arg,-1.243106872
urn:mavedb:00000012-a-3#1275,NA,NA,p.Leu3Arg,-2.621328235
urn:mavedb:00000012-a-3#1276,NA,NA,p.Trp35del,-4.525954485
urn:mavedb:00000012-a-3#1277,NA,NA,p.Ser4Arg,-4.924108028
urn:mavedb:00000012-a-3#1278,NA,NA,p.Ser5Arg,-1.809061587
urn:mavedb:00000012-a-3#1279,NA,NA,p.Ile6Arg,-5.57249403
urn:mavedb:00000012-a-3#1280,NA,NA,p.Glu7Arg,-2.588156939
urn:mavedb:00000012-a-3#1281,NA,NA,p.Gln8Arg,-3.493195534
urn:mavedb:00000012-a-3#1282,NA,NA,p.Ala9Arg,-10.65286827
urn:mavedb:00000012-a-3#1283,NA,NA,p.Cys10Arg,-4.315726995
urn:mavedb:00000012-a-3#1284,NA,NA,p.Asp11Arg,-11.30143452
urn:mavedb:00000012-a-3#1285,NA,NA,p.Ile12Arg,-0.681515008
urn:mavedb:00000012-a-3#1286,NA,NA,p.Cys13Arg,-1.773216486
urn:mavedb:00000012-a-3#1287,NA,NA,p.Glu36del,-12.77341461
urn:mavedb:00000012-a-3#1288,NA,NA,p.Leu15Arg,-3.509951115
urn:mavedb:00000012-a-3#1289,NA,NA,p.Lys16Arg,-2.125770211
urn:mavedb:00000012-a-3#1290,NA,NA,p.Lys17Arg,-2.492400289
urn:mavedb:00000012-a-3#1291,NA,NA,p.Leu18Arg,-5.735448837
urn:mavedb:00000012-a-3#1292,NA,NA,p.Lys19Arg,0.421598673
urn:mavedb:00000012-a-3#1293,NA,NA,p.Cys20Arg,-12.91081142
urn:mavedb:00000012-a-3#1294,NA,NA,p.Ser21Arg,-9.934328079
urn:mavedb:00000012-a-3#1295,NA,NA,p.Lys22Arg,-0.675188035
urn:mavedb:00000012-a-3#1296,NA,NA,p.Glu23Arg,-1.623078167
urn:mavedb:00000012-a-3#1297,NA,NA,p.Lys24Arg,-0.167850554
urn:mavedb:00000012-a-3#1298,NA,NA,p.Cys37del,-3.860758305
urn:mavedb:00000012-a-3#1299,NA,NA,p.Pro25Arg,-5.573861599
urn:mavedb:00000012-a-3#1300,NA,NA,p.Lys26Arg,0.499581814
urn:mavedb:00000012-a-3#1301,NA,NA,p.Cys27Arg,-2.860027552
urn:mavedb:00000012-a-3#1302,NA,NA,p.Ala28Arg,0.342030406
urn:mavedb:00000012-a-3#1303,NA,NA,p.Lys29Arg,-3.370486259
urn:mavedb:00000012-a-3#1304,NA,NA,p.Cys30Arg,-6.980909348
urn:mavedb:00000012-a-3#1305,NA,NA,p.Leu31Arg,0.634343743
urn:mavedb:00000012-a-3#1306,NA,NA,p.Lys32Arg,0.549731135
urn:mavedb:00000012-a-3#1307,NA,NA,p.Asn33Arg,-0.628642127
urn:mavedb:00000012-a-3#1308,NA,NA,p.Asn34Arg,-0.051210403
urn:mavedb:00000012-a-3#1309,NA,NA,p.Arg38del,-11.65706539
urn:mavedb:00000012-a-3#1310,NA,NA,p.Trp35Arg,-0.361003488
urn:mavedb:00000012-a-3#1311,NA,NA,p.Glu36Arg,0.488469839
urn:mavedb:00000012-a-3#1312,NA,NA,p.Cys37Arg,-5.710538864
urn:mavedb:00000012-a-3#1313,NA,NA,p.Tyr39Arg,-3.292904139
urn:mavedb:00000012-a-3#1314,NA,NA,p.Ser40Arg,-4.196358681
urn:mavedb:00000012-a-3#1315,NA,NA,p.Pro41Arg,-5.195804119
urn:mavedb:00000012-a-3#1316,NA,NA,p.Lys42Arg,-0.317306638
urn:mavedb:00000012-a-3#1317,NA,NA,p.Thr43Arg,-1.113797009
urn:mavedb:00000012-a-3#1318,NA,NA,p.Lys44Arg,-0.090746701
urn:mavedb:00000012-a-3#1319,NA,NA,p.Ser46Arg,-11.92902946
